Year,Stage,TotalTime,ReactionTime,Gender,Batch,Event
2022,H,13.28,0.115,M,1,110 Hurdles
2022,H,13.36,0.139,M,1,110 Hurdles
2022,H,13.45,0.12,M,1,110 Hurdles
2022,H,13.49,0.14,M,1,110 Hurdles
2022,H,13.49,0.134,M,1,110 Hurdles
2022,H,13.61,0.114,M,1,110 Hurdles
2022,H,13.65,0.121,M,1,110 Hurdles
2022,H,14.19,0.149,M,1,110 Hurdles
2022,H,13.14,0.147,M,2,110 Hurdles
2022,H,13.37,0.146,M,2,110 Hurdles
2022,H,13.41,0.126,M,2,110 Hurdles
2022,H,13.46,0.134,M,2,110 Hurdles
2022,H,13.51,0.153,M,2,110 Hurdles
2022,H,13.58,0.116,M,2,110 Hurdles
2022,H,13.7,0.179,M,2,110 Hurdles
2022,H,13.82,0.134,M,2,110 Hurdles
2022,H,13.37,0.137,M,3,110 Hurdles
2022,H,13.44,0.134,M,3,110 Hurdles
2022,H,13.48,0.132,M,3,110 Hurdles
2022,H,13.53,0.144,M,3,110 Hurdles
2022,H,13.55,0.159,M,3,110 Hurdles
2022,H,13.78,0.14,M,3,110 Hurdles
2022,H,13.81,0.145,M,3,110 Hurdles
2022,H,D,0.179,M,3,110 Hurdles
2022,H,13.17,0.153,M,4,110 Hurdles
2022,H,13.23,0.14,M,4,110 Hurdles
2022,H,13.32,0.15,M,4,110 Hurdles
2022,H,13.47,0.134,M,4,110 Hurdles
2022,H,13.58,0.137,M,4,110 Hurdles
2022,H,13.73,0.182,M,4,110 Hurdles
2022,H,13.91,0.143,M,4,110 Hurdles
2022,H,13.95,0.198,M,4,110 Hurdles
2022,H,13.47,0.123,M,5,110 Hurdles
2022,H,13.52,0.133,M,5,110 Hurdles
2022,H,13.56,0.128,M,5,110 Hurdles
2022,H,13.57,0.117,M,5,110 Hurdles
2022,H,13.64,0.116,M,5,110 Hurdles
2022,H,13.81,0.12,M,5,110 Hurdles
2022,H,14.35,0.136,M,5,110 Hurdles
2022,H,D,0.15,M,5,110 Hurdles
2022,S,13.01,0.128,M,6,110 Hurdles
2022,S,13.31,0.124,M,6,110 Hurdles
2022,S,13.37,0.13,M,6,110 Hurdles
2022,S,13.46,0.125,M,6,110 Hurdles
2022,S,13.47,0.154,M,6,110 Hurdles
2022,S,13.67,0.139,M,6,110 Hurdles
2022,S,13.67,0.149,M,6,110 Hurdles
2022,S,13.68,0.144,M,6,110 Hurdles
2022,S,13.07,0.12,M,7,110 Hurdles
2022,S,13.26,0.141,M,7,110 Hurdles
2022,S,13.27,0.129,M,7,110 Hurdles
2022,S,13.4,0.129,M,7,110 Hurdles
2022,S,13.42,0.112,M,7,110 Hurdles
2022,S,13.49,0.142,M,7,110 Hurdles
2022,S,13.51,0.12,M,7,110 Hurdles
2022,S,13.62,0.13,M,7,110 Hurdles
2022,S,13.02,0.128,M,8,110 Hurdles
2022,S,13.09,0.101,M,8,110 Hurdles
2022,S,13.21,0.115,M,8,110 Hurdles
2022,S,13.22,0.135,M,8,110 Hurdles
2022,S,13.25,0.148,M,8,110 Hurdles
2022,S,13.35,0.141,M,8,110 Hurdles
2022,S,13.42,0.131,M,8,110 Hurdles
2022,S,13.44,0.113,M,8,110 Hurdles
2022,F,13.03,0.124,M,9,110 Hurdles
2022,F,13.08,0.109,M,9,110 Hurdles
2022,F,13.17,0.126,M,9,110 Hurdles
2022,F,13.32,0.14,M,9,110 Hurdles
2022,F,13.33,0.145,M,9,110 Hurdles
2022,F,D,0.108,M,9,110 Hurdles
2022,F,D,0.099,M,9,110 Hurdles
2019,H,13.17,0.132,M,10,110 Hurdles
2019,H,13.37,0.148,M,10,110 Hurdles
2019,H,13.41,0.126,M,10,110 Hurdles
2019,H,13.46,0.125,M,10,110 Hurdles
2019,H,13.49,0.158,M,10,110 Hurdles
2019,H,13.6,0.144,M,10,110 Hurdles
2019,H,13.65,0.157,M,10,110 Hurdles
2019,H,D,0.149,M,10,110 Hurdles
2019,H,13.27,0.138,M,11,110 Hurdles
2019,H,13.38,0.156,M,11,110 Hurdles
2019,H,13.39,0.183,M,11,110 Hurdles
2019,H,13.51,0.156,M,11,110 Hurdles
2019,H,13.6,0.142,M,11,110 Hurdles
2019,H,13.73,0.156,M,11,110 Hurdles
2019,H,13.74,0.125,M,11,110 Hurdles
2019,H,13.92,0.165,M,11,110 Hurdles
2019,H,13.45,0.16,M,12,110 Hurdles
2019,H,13.53,0.16,M,12,110 Hurdles
2019,H,13.67,0.157,M,12,110 Hurdles
2019,H,13.76,0.159,M,12,110 Hurdles
2019,H,14.07,0.15,M,12,110 Hurdles
2019,H,D,0.186,M,12,110 Hurdles
2019,H,13.22,0.16,M,13,110 Hurdles
2019,H,13.32,0.146,M,13,110 Hurdles
2019,H,13.43,0.142,M,13,110 Hurdles
2019,H,13.43,0.145,M,13,110 Hurdles
2019,H,13.5,0.139,M,13,110 Hurdles
2019,H,13.53,0.142,M,13,110 Hurdles
2019,H,14.54,0.149,M,13,110 Hurdles
2019,H,14.79,0.166,M,13,110 Hurdles
2019,H,13.15,0.14,M,14,110 Hurdles
2019,H,13.48,0.156,M,14,110 Hurdles
2019,H,13.57,0.19,M,14,110 Hurdles
2019,H,13.67,0.179,M,14,110 Hurdles
2019,H,13.68,0.219,M,14,110 Hurdles
2019,H,13.7,0.214,M,14,110 Hurdles
2019,H,13.75,0.203,M,14,110 Hurdles
2019,H,14.37,0.161,M,14,110 Hurdles
2019,S,13.1,0.166,M,15,110 Hurdles
2019,S,13.18,0.129,M,15,110 Hurdles
2019,S,13.48,0.152,M,15,110 Hurdles
2019,S,13.57,0.154,M,15,110 Hurdles
2019,S,13.6,0.123,M,15,110 Hurdles
2019,S,13.6,0.162,M,15,110 Hurdles
2019,S,14.29,0.169,M,15,110 Hurdles
2019,S,D,0.163,M,15,110 Hurdles
2019,S,13.08,0.141,M,16,110 Hurdles
2019,S,13.12,0.163,M,16,110 Hurdles
2019,S,13.22,0.137,M,16,110 Hurdles
2019,S,13.36,0.119,M,16,110 Hurdles
2019,S,13.52,0.132,M,16,110 Hurdles
2019,S,13.52,0.155,M,16,110 Hurdles
2019,S,13.53,0.158,M,16,110 Hurdles
2019,S,13.76,0.164,M,16,110 Hurdles
2019,S,13.16,0.131,M,17,110 Hurdles
2019,S,13.29,0.162,M,17,110 Hurdles
2019,S,13.47,0.123,M,17,110 Hurdles
2019,S,13.54,0.198,M,17,110 Hurdles
2019,S,13.57,0.136,M,17,110 Hurdles
2019,S,13.58,0.144,M,17,110 Hurdles
2019,S,13.6,0.133,M,17,110 Hurdles
2019,S,13.61,0.176,M,17,110 Hurdles
2019,F,13.1,0.158,M,18,110 Hurdles
2019,F,13.15,0.15,M,18,110 Hurdles
2019,F,13.18,0.161,M,18,110 Hurdles
2019,F,13.3,0.13,M,18,110 Hurdles
2019,F,13.29,0.14,M,18,110 Hurdles
2019,F,13.61,0.149,M,18,110 Hurdles
2019,F,13.7,0.124,M,18,110 Hurdles
2019,F,13.87,0.15,M,18,110 Hurdles
2019,F,D,0.128,M,18,110 Hurdles
2017,H,13.23,0.138,M,19,110 Hurdles
2017,H,13.35,0.132,M,19,110 Hurdles
2017,H,13.41,0.147,M,19,110 Hurdles
2017,H,13.5,0.178,M,19,110 Hurdles
2017,H,13.56,0.135,M,19,110 Hurdles
2017,H,13.59,0.152,M,19,110 Hurdles
2017,H,13.65,0.144,M,19,110 Hurdles
2017,H,14.51,0.153,M,19,110 Hurdles
2017,H,14.55,0.148,M,19,110 Hurdles
2017,H,13.26,0.135,M,20,110 Hurdles
2017,H,13.36,0.169,M,20,110 Hurdles
2017,H,13.53,0.175,M,20,110 Hurdles
2017,H,13.58,0.159,M,20,110 Hurdles
2017,H,13.63,0.138,M,20,110 Hurdles
2017,H,13.63,0.157,M,20,110 Hurdles
2017,H,13.64,0.158,M,20,110 Hurdles
2017,H,13.67,0.12,M,20,110 Hurdles
2017,H,13.16,0.125,M,21,110 Hurdles
2017,H,13.39,0.216,M,21,110 Hurdles
2017,H,13.43,0.122,M,21,110 Hurdles
2017,H,13.56,0.148,M,21,110 Hurdles
2017,H,13.58,0.158,M,21,110 Hurdles
2017,H,13.62,0.142,M,21,110 Hurdles
2017,H,13.78,0.138,M,21,110 Hurdles
2017,H,13.81,0.139,M,21,110 Hurdles
2017,H,13.28,0.168,M,22,110 Hurdles
2017,H,13.34,0.162,M,22,110 Hurdles
2017,H,13.38,0.148,M,22,110 Hurdles
2017,H,13.4,0.143,M,22,110 Hurdles
2017,H,13.48,0.179,M,22,110 Hurdles
2017,H,13.52,0.127,M,22,110 Hurdles
2017,H,13.56,0.177,M,22,110 Hurdles
2017,H,DNF,0.145,M,22,110 Hurdles
2017,H,13.37,0.147,M,23,110 Hurdles
2017,H,13.42,0.172,M,23,110 Hurdles
2017,H,13.47,0.168,M,23,110 Hurdles
2017,H,13.53,0.141,M,23,110 Hurdles
2017,H,13.61,0.17,M,23,110 Hurdles
2017,H,13.78,0.132,M,23,110 Hurdles
2017,H,13.98,0.143,M,23,110 Hurdles
2017,H,D,0.201,M,23,110 Hurdles
2017,S,13.1,0.135,M,24,110 Hurdles
2017,S,13.17,0.125,M,24,110 Hurdles
2017,S,13.22,0.16,M,24,110 Hurdles
2017,S,13.23,0.148,M,24,110 Hurdles
2017,S,13.32,0.146,M,24,110 Hurdles
2017,S,13.4,0.14,M,24,110 Hurdles
2017,S,13.79,0.16,M,24,110 Hurdles
2017,S,DNF,0.152,M,24,110 Hurdles
2017,S,13.26,0.179,M,25,110 Hurdles
2017,S,13.27,0.181,M,25,110 Hurdles
2017,S,13.27,0.126,M,25,110 Hurdles
2017,S,13.28,0.137,M,25,110 Hurdles
2017,S,13.42,0.183,M,25,110 Hurdles
2017,S,13.43,0.175,M,25,110 Hurdles
2017,S,13.65,0.157,M,25,110 Hurdles
2017,S,13.79,0.158,M,25,110 Hurdles
2017,S,13.23,0.12,M,26,110 Hurdles
2017,S,13.25,0.117,M,26,110 Hurdles
2017,S,13.36,0.171,M,26,110 Hurdles
2017,S,13.59,0.23,M,26,110 Hurdles
2017,S,13.67,0.18,M,26,110 Hurdles
2017,S,13.7,0.133,M,26,110 Hurdles
2017,S,14.98,0.174,M,26,110 Hurdles
2017,S,DNF,0.147,M,26,110 Hurdles
2017,F,13.04,0.123,M,27,110 Hurdles
2017,F,13.14,0.132,M,27,110 Hurdles
2017,F,13.28,0.122,M,27,110 Hurdles
2017,F,13.3,0.115,M,27,110 Hurdles
2017,F,13.31,0.163,M,27,110 Hurdles
2017,F,13.32,0.169,M,27,110 Hurdles
2017,F,13.37,0.14,M,27,110 Hurdles
2017,F,13.37,0.145,M,27,110 Hurdles
2015,H,13.28,0.151,M,28,110 Hurdles
2015,H,13.43,0.157,M,28,110 Hurdles
2015,H,13.44,0.164,M,28,110 Hurdles
2015,H,13.48,0.146,M,28,110 Hurdles
2015,H,13.96,0.12,M,28,110 Hurdles
2015,H,14,0.137,M,28,110 Hurdles
2015,H,14.56,0.17,M,28,110 Hurdles
2015,H,DR162.7,0.053,M,28,110 Hurdles
2015,H,DR168.7(b),0.16,M,28,110 Hurdles
2015,H,13.35,0.151,M,29,110 Hurdles
2015,H,13.43,0.172,M,29,110 Hurdles
2015,H,13.44,0.202,M,29,110 Hurdles
2015,H,13.49,0.151,M,29,110 Hurdles
2015,H,13.78,0.159,M,29,110 Hurdles
2015,H,13.86,0.147,M,29,110 Hurdles
2015,H,13.15,0.149,M,30,110 Hurdles
2015,H,13.43,0.138,M,30,110 Hurdles
2015,H,13.45,0.139,M,30,110 Hurdles
2015,H,13.55,0.162,M,30,110 Hurdles
2015,H,13.57,0.138,M,30,110 Hurdles
2015,H,13.58,0.145,M,30,110 Hurdles
2015,H,13.64,0.205,M,30,110 Hurdles
2015,H,13.91,0.178,M,30,110 Hurdles
2015,H,14.74,0.161,M,30,110 Hurdles
2015,H,13.33,0.14,M,31,110 Hurdles
2015,H,13.35,0.115,M,31,110 Hurdles
2015,H,13.41,0.134,M,31,110 Hurdles
2015,H,13.41,0.155,M,31,110 Hurdles
2015,H,13.43,0.13,M,31,110 Hurdles
2015,H,13.69,0.15,M,31,110 Hurdles
2015,H,13.72,0.144,M,31,110 Hurdles
2015,H,13.89,0.185,M,31,110 Hurdles
2015,H,13.25,0.142,M,32,110 Hurdles
2015,H,13.29,0.159,M,32,110 Hurdles
2015,H,13.31,0.134,M,32,110 Hurdles
2015,H,13.46,0.127,M,32,110 Hurdles
2015,H,13.61,0.125,M,32,110 Hurdles
2015,H,13.63,0.261,M,32,110 Hurdles
2015,H,13.65,0.195,M,32,110 Hurdles
2015,H,DNF,0.158,M,32,110 Hurdles
2015,S,13.09,0.143,M,33,110 Hurdles
2015,S,13.16,0.231,M,33,110 Hurdles
2015,S,13.25,0.143,M,33,110 Hurdles
2015,S,13.29,0.142,M,33,110 Hurdles
2015,S,13.31,0.167,M,33,110 Hurdles
2015,S,13.45,0.133,M,33,110 Hurdles
2015,S,13.58,0.144,M,33,110 Hurdles
2015,S,13.67,0.156,M,33,110 Hurdles
2015,S,DNF,0.141,M,33,110 Hurdles
2015,S,13.08,0.133,M,34,110 Hurdles
2015,S,13.14,0.158,M,34,110 Hurdles
2015,S,13.17,0.156,M,34,110 Hurdles
2015,S,13.37,0.141,M,34,110 Hurdles
2015,S,13.37,0.19,M,34,110 Hurdles
2015,S,13.39,0.163,M,34,110 Hurdles
2015,S,13.44,0.15,M,34,110 Hurdles
2015,S,13.79,0.147,M,34,110 Hurdles
2015,S,13.16,0.132,M,35,110 Hurdles
2015,S,13.17,0.162,M,35,110 Hurdles
2015,S,13.34,0.153,M,35,110 Hurdles
2015,S,13.37,0.15,M,35,110 Hurdles
2015,S,13.43,0.18,M,35,110 Hurdles
2015,S,13.51,0.13,M,35,110 Hurdles
2015,S,13.53,0.133,M,35,110 Hurdles
2015,S,13.57,0.148,M,35,110 Hurdles
2015,F,12.98,0.139,M,36,110 Hurdles
2015,F,13.03,0.143,M,36,110 Hurdles
2015,F,13.04,0.141,M,36,110 Hurdles
2015,F,13.17,0.15,M,36,110 Hurdles
2015,F,13.17,0.137,M,36,110 Hurdles
2015,F,13.18,0.135,M,36,110 Hurdles
2015,F,13.33,0.157,M,36,110 Hurdles
2015,F,13.34,0.178,M,36,110 Hurdles
2013,H,13.33,0.174,M,37,110 Hurdles
2013,H,13.38,0.159,M,37,110 Hurdles
2013,H,13.4,0.225,M,37,110 Hurdles
2013,H,13.41,0.156,M,37,110 Hurdles
2013,H,13.43,0.155,M,37,110 Hurdles
2013,H,13.52,0.222,M,37,110 Hurdles
2013,H,13.52,0.181,M,37,110 Hurdles
2013,H,13.87,0.184,M,37,110 Hurdles
2013,H,15.1,0.219,M,37,110 Hurdles
2013,H,13.37,0.168,M,38,110 Hurdles
2013,H,13.38,0.152,M,38,110 Hurdles
2013,H,13.51,0.157,M,38,110 Hurdles
2013,H,13.59,0.158,M,38,110 Hurdles
2013,H,13.63,0.169,M,38,110 Hurdles
2013,H,13.66,0.136,M,38,110 Hurdles
2013,H,13.93,0.17,M,38,110 Hurdles
2013,H,16.21,0.173,M,38,110 Hurdles
2013,H,13.32,0.139,M,39,110 Hurdles
2013,H,13.33,0.18,M,39,110 Hurdles
2013,H,13.36,0.155,M,39,110 Hurdles
2013,H,13.5,0.137,M,39,110 Hurdles
2013,H,13.68,0.147,M,39,110 Hurdles
2013,H,13.69,0.177,M,39,110 Hurdles
2013,H,14.51,0.198,M,39,110 Hurdles
2013,H,13.05,0.174,M,40,110 Hurdles
2013,H,13.16,0.151,M,40,110 Hurdles
2013,H,13.27,0.158,M,40,110 Hurdles
2013,H,13.44,0.181,M,40,110 Hurdles
2013,H,13.55,0.188,M,40,110 Hurdles
2013,H,13.59,0.164,M,40,110 Hurdles
2013,H,13.79,0.171,M,40,110 Hurdles
2013,H,14.45,0.213,M,40,110 Hurdles
2013,H,14.71,0.146,M,40,110 Hurdles
2013,S,13.34,0.178,M,41,110 Hurdles
2013,S,13.39,0.27,M,41,110 Hurdles
2013,S,13.44,0.327,M,41,110 Hurdles
2013,S,13.46,0.153,M,41,110 Hurdles
2013,S,13.49,0.191,M,41,110 Hurdles
2013,S,13.64,0.397,M,41,110 Hurdles
2013,S,DNF,0.154,M,41,110 Hurdles
2013,S,DNF,0.185,M,41,110 Hurdles
2013,S,13.17,0.147,M,42,110 Hurdles
2013,S,13.18,0.168,M,42,110 Hurdles
2013,S,13.2,0.159,M,42,110 Hurdles
2013,S,13.3,0.212,M,42,110 Hurdles
2013,S,13.34,0.144,M,42,110 Hurdles
2013,S,13.35,0.164,M,42,110 Hurdles
2013,S,13.47,0.156,M,42,110 Hurdles
2013,S,13.54,0.143,M,42,110 Hurdles
2013,F,13,0.147,M,43,110 Hurdles
2013,F,13.13,0.167,M,43,110 Hurdles
2013,F,13.24,0.154,M,43,110 Hurdles
2013,F,13.27,0.158,M,43,110 Hurdles
2013,F,13.3,0.151,M,43,110 Hurdles
2013,F,13.31,0.147,M,43,110 Hurdles
2013,F,13.42,0.162,M,43,110 Hurdles
2013,F,13.51,0.135,M,43,110 Hurdles
2011,H,13.2,0.146,M,44,110 Hurdles
2011,H,13.32,0.162,M,44,110 Hurdles
2011,H,13.53,0.154,M,44,110 Hurdles
2011,H,13.53,0.169,M,44,110 Hurdles
2011,H,13.57,0.204,M,44,110 Hurdles
2011,H,13.7,0.175,M,44,110 Hurdles
2011,H,13.87,0.224,M,44,110 Hurdles
2011,H,14.42,0.194,M,44,110 Hurdles
2011,H,13.19,0.187,M,45,110 Hurdles
2011,H,13.31,0.143,M,45,110 Hurdles
2011,H,13.54,0.162,M,45,110 Hurdles
2011,H,13.59,0.132,M,45,110 Hurdles
2011,H,13.65,0.143,M,45,110 Hurdles
2011,H,13.68,0.159,M,45,110 Hurdles
2011,H,13.96,0.138,M,45,110 Hurdles
2011,H,14.06,0.159,M,45,110 Hurdles
2011,H,13.27,0.153,M,46,110 Hurdles
2011,H,13.47,0.168,M,46,110 Hurdles
2011,H,13.47,0.163,M,46,110 Hurdles
2011,H,13.51,0.141,M,46,110 Hurdles
2011,H,13.52,0.162,M,46,110 Hurdles
2011,H,13.6,0.16,M,46,110 Hurdles
2011,H,13.86,0.166,M,46,110 Hurdles
2011,H,15.35,0.237,M,46,110 Hurdles
2011,H,13.36,0.174,M,47,110 Hurdles
2011,H,13.42,0.171,M,47,110 Hurdles
2011,H,13.55,0.151,M,47,110 Hurdles
2011,H,13.55,0.192,M,47,110 Hurdles
2011,H,13.56,0.162,M,47,110 Hurdles
2011,H,13.63,0.175,M,47,110 Hurdles
2011,H,13.63,0.203,M,47,110 Hurdles
2011,H,13.83,0.159,M,47,110 Hurdles
2011,S,13.31,0.18,M,48,110 Hurdles
2011,S,13.32,0.159,M,48,110 Hurdles
2011,S,13.32,0.23,M,48,110 Hurdles
2011,S,13.44,0.186,M,48,110 Hurdles
2011,S,13.62,0.183,M,48,110 Hurdles
2011,S,13.73,0.194,M,48,110 Hurdles
2011,S,13.76,0.16,M,48,110 Hurdles
2011,S,13.81,0.172,M,48,110 Hurdles
2011,S,13.11,0.178,M,49,110 Hurdles
2011,S,13.4,0.167,M,49,110 Hurdles
2011,S,13.51,0.159,M,49,110 Hurdles
2011,S,13.56,0.154,M,49,110 Hurdles
2011,S,13.57,0.141,M,49,110 Hurdles
2011,S,13.67,0.17,M,49,110 Hurdles
2011,S,13.71,0.165,M,49,110 Hurdles
2011,S,13.75,0.148,M,49,110 Hurdles
2011,F,13.16,0.178,M,50,110 Hurdles
2011,F,13.27,0.164,M,50,110 Hurdles
2011,F,13.44,0.146,M,50,110 Hurdles
2011,F,13.44,0.171,M,50,110 Hurdles
2011,F,13.67,0.14,M,50,110 Hurdles
2011,F,13.67,0.178,M,50,110 Hurdles
2011,F,D,0.15,M,50,110 Hurdles
2011,F,DNF,0.153,M,50,110 Hurdles
2009,H,13.56,0.155,M,51,110 Hurdles
2009,H,13.57,0.138,M,51,110 Hurdles
2009,H,13.63,0.221,M,51,110 Hurdles
2009,H,13.67,0.139,M,51,110 Hurdles
2009,H,13.73,0.169,M,51,110 Hurdles
2009,H,13.83,0.147,M,51,110 Hurdles
2009,H,13.84,0.119,M,51,110 Hurdles
2009,H,DNF,0.164,M,51,110 Hurdles
2009,H,13.62,0.168,M,52,110 Hurdles
2009,H,13.66,0.136,M,52,110 Hurdles
2009,H,13.67,0.178,M,52,110 Hurdles
2009,H,13.72,0.156,M,52,110 Hurdles
2009,H,13.72,0.207,M,52,110 Hurdles
2009,H,14.15,0.151,M,52,110 Hurdles
2009,H,13.56,0.149,M,53,110 Hurdles
2009,H,13.56,0.152,M,53,110 Hurdles
2009,H,13.56,0.176,M,53,110 Hurdles
2009,H,13.7,0.157,M,53,110 Hurdles
2009,H,13.71,0.159,M,53,110 Hurdles
2009,H,13.78,0.157,M,53,110 Hurdles
2009,H,13.83,0.144,M,53,110 Hurdles
2009,H,15.01,0.155,M,53,110 Hurdles
2009,H,13.35,0.149,M,54,110 Hurdles
2009,H,13.41,0.114,M,54,110 Hurdles
2009,H,13.52,0.143,M,54,110 Hurdles
2009,H,13.59,0.16,M,54,110 Hurdles
2009,H,13.61,0.2,M,54,110 Hurdles
2009,H,13.93,0.144,M,54,110 Hurdles
2009,H,14.74,0.145,M,54,110 Hurdles
2009,H,D,0.156,M,54,110 Hurdles
2009,H,13.51,0.124,M,55,110 Hurdles
2009,H,13.51,0.202,M,55,110 Hurdles
2009,H,13.54,0.145,M,55,110 Hurdles
2009,H,13.55,0.158,M,55,110 Hurdles
2009,H,13.57,0.243,M,55,110 Hurdles
2009,H,13.68,0.149,M,55,110 Hurdles
2009,H,13.81,0.137,M,55,110 Hurdles
2009,H,14.06,0.182,M,55,110 Hurdles
2009,H,13.34,0.158,M,56,110 Hurdles
2009,H,13.52,0.162,M,56,110 Hurdles
2009,H,13.54,0.15,M,56,110 Hurdles
2009,H,13.61,0.168,M,56,110 Hurdles
2009,H,13.7,0.148,M,56,110 Hurdles
2009,H,13.75,0.131,M,56,110 Hurdles
2009,H,13.86,0.156,M,56,110 Hurdles
2009,H,14.63,0.184,M,56,110 Hurdles
2009,S,13.24,0.16,M,57,110 Hurdles
2009,S,13.33,0.149,M,57,110 Hurdles
2009,S,13.41,0.147,M,57,110 Hurdles
2009,S,13.43,0.174,M,57,110 Hurdles
2009,S,13.44,0.171,M,57,110 Hurdles
2009,S,13.5,0.14,M,57,110 Hurdles
2009,S,13.54,0.212,M,57,110 Hurdles
2009,S,13.55,0.171,M,57,110 Hurdles
2009,S,13.18,0.169,M,58,110 Hurdles
2009,S,13.24,0.151,M,58,110 Hurdles
2009,S,13.37,0.151,M,58,110 Hurdles
2009,S,13.42,0.144,M,58,110 Hurdles
2009,S,13.45,0.162,M,58,110 Hurdles
2009,S,13.46,0.154,M,58,110 Hurdles
2009,S,13.49,0.129,M,58,110 Hurdles
2009,S,13.64,0.165,M,58,110 Hurdles
2009,S,13.38,0.11,M,59,110 Hurdles
2009,S,13.43,0.162,M,59,110 Hurdles
2009,S,13.45,0.156,M,59,110 Hurdles
2009,S,13.47,0.144,M,59,110 Hurdles
2009,S,13.57,0.159,M,59,110 Hurdles
2009,S,13.72,0.132,M,59,110 Hurdles
2009,S,D,0.145,M,59,110 Hurdles
2009,S,DNF,0.16,M,59,110 Hurdles
2009,F,13.14,0.157,M,60,110 Hurdles
2009,F,13.15,0.141,M,60,110 Hurdles
2009,F,13.15,0.122,M,60,110 Hurdles
2009,F,13.3,0.125,M,60,110 Hurdles
2009,F,13.31,0.151,M,60,110 Hurdles
2009,F,13.38,0.144,M,60,110 Hurdles
2009,F,13.56,0.145,M,60,110 Hurdles
2009,F,13.57,0.144,M,60,110 Hurdles
2007,H,13.4,0.223,M,61,110 Hurdles
2007,H,13.48,0.148,M,61,110 Hurdles
2007,H,13.51,0.195,M,61,110 Hurdles
2007,H,13.56,0.172,M,61,110 Hurdles
2007,H,13.56,0.156,M,61,110 Hurdles
2007,H,13.74,0.204,M,61,110 Hurdles
2007,H,13.86,0.219,M,61,110 Hurdles
2007,H,14.16,0.192,M,61,110 Hurdles
2007,H,13.36,0.141,M,62,110 Hurdles
2007,H,13.39,0.221,M,62,110 Hurdles
2007,H,13.47,0.186,M,62,110 Hurdles
2007,H,13.53,0.187,M,62,110 Hurdles
2007,H,13.58,0.15,M,62,110 Hurdles
2007,H,13.78,0.157,M,62,110 Hurdles
2007,H,13.92,0.18,M,62,110 Hurdles
2007,H,14.94,0.223,M,62,110 Hurdles
2007,H,13.38,0.184,M,63,110 Hurdles
2007,H,13.46,0.175,M,63,110 Hurdles
2007,H,13.54,0.164,M,63,110 Hurdles
2007,H,13.62,0.167,M,63,110 Hurdles
2007,H,13.66,0.229,M,63,110 Hurdles
2007,H,13.67,0.158,M,63,110 Hurdles
2007,H,13.83,0.189,M,63,110 Hurdles
2007,H,D,0.14,M,63,110 Hurdles
2007,H,13.41,0.164,M,64,110 Hurdles
2007,H,13.61,0.176,M,64,110 Hurdles
2007,H,13.61,0.14,M,64,110 Hurdles
2007,H,13.61,0.166,M,64,110 Hurdles
2007,H,13.61,0.165,M,64,110 Hurdles
2007,H,13.81,0.171,M,64,110 Hurdles
2007,H,13.82,0.142,M,64,110 Hurdles
2007,H,13.84,0.145,M,64,110 Hurdles
2007,H,13.22,0.152,M,65,110 Hurdles
2007,H,13.27,0.163,M,65,110 Hurdles
2007,H,13.27,0.177,M,65,110 Hurdles
2007,H,13.63,0.171,M,65,110 Hurdles
2007,H,13.68,0.211,M,65,110 Hurdles
2007,H,13.72,0.207,M,65,110 Hurdles
2007,H,13.77,0.134,M,65,110 Hurdles
2007,H,13.84,0.186,M,65,110 Hurdles
2007,S,13.19,0.166,M,66,110 Hurdles
2007,S,13.24,0.149,M,66,110 Hurdles
2007,S,13.29,0.166,M,66,110 Hurdles
2007,S,13.33,0.174,M,66,110 Hurdles
2007,S,13.53,0.148,M,66,110 Hurdles
2007,S,13.58,0.15,M,66,110 Hurdles
2007,S,13.7,0.17,M,66,110 Hurdles
2007,S,13.82,0.145,M,66,110 Hurdles
2007,S,13.23,0.177,M,67,110 Hurdles
2007,S,13.35,0.135,M,67,110 Hurdles
2007,S,13.36,0.168,M,67,110 Hurdles
2007,S,13.37,0.137,M,67,110 Hurdles
2007,S,13.59,0.184,M,67,110 Hurdles
2007,S,13.62,0.162,M,67,110 Hurdles
2007,S,13.78,0.196,M,67,110 Hurdles
2007,S,13.87,0.183,M,67,110 Hurdles
2007,S,13.21,0.178,M,68,110 Hurdles
2007,S,13.25,0.158,M,68,110 Hurdles
2007,S,13.38,0.127,M,68,110 Hurdles
2007,S,13.42,0.161,M,68,110 Hurdles
2007,S,13.58,0.141,M,68,110 Hurdles
2007,S,13.58,0.135,M,68,110 Hurdles
2007,S,13.66,0.149,M,68,110 Hurdles
2007,S,13.77,0.189,M,68,110 Hurdles
2007,F,12.95,0.161,M,69,110 Hurdles
2007,F,12.99,0.205,M,69,110 Hurdles
2007,F,13.02,0.141,M,69,110 Hurdles
2007,F,13.15,0.164,M,69,110 Hurdles
2007,F,13.19,0.15,M,69,110 Hurdles
2007,F,13.22,0.136,M,69,110 Hurdles
2007,F,13.33,0.172,M,69,110 Hurdles
2007,F,13.39,0.144,M,69,110 Hurdles
2005,H,13.86,0.151,M,70,110 Hurdles
2005,H,13.92,0.167,M,70,110 Hurdles
2005,H,14.03,0.184,M,70,110 Hurdles
2005,H,14.26,0.142,M,70,110 Hurdles
2005,H,14.49,0.166,M,70,110 Hurdles
2005,H,14.73,0.143,M,70,110 Hurdles
2005,H,15.43,0.134,M,70,110 Hurdles
2005,H,13.73,0.158,M,71,110 Hurdles
2005,H,13.74,0.142,M,71,110 Hurdles
2005,H,13.89,0.145,M,71,110 Hurdles
2005,H,14.01,0.155,M,71,110 Hurdles
2005,H,14.04,0.147,M,71,110 Hurdles
2005,H,14.18,0.154,M,71,110 Hurdles
2005,H,14.34,0.202,M,71,110 Hurdles
2005,H,15.52,0.14,M,71,110 Hurdles
2005,H,13.86,0.153,M,72,110 Hurdles
2005,H,13.96,0.147,M,72,110 Hurdles
2005,H,14.11,0.124,M,72,110 Hurdles
2005,H,14.24,0.15,M,72,110 Hurdles
2005,H,14.25,0.134,M,72,110 Hurdles
2005,H,14.3,0.14,M,72,110 Hurdles
2005,H,14.34,0.163,M,72,110 Hurdles
2005,H,13.8,0.141,M,73,110 Hurdles
2005,H,13.8,0.151,M,73,110 Hurdles
2005,H,13.89,0.134,M,73,110 Hurdles
2005,H,13.9,0.125,M,73,110 Hurdles
2005,H,13.9,0.123,M,73,110 Hurdles
2005,H,14.18,0.147,M,73,110 Hurdles
2005,H,14.57,0.172,M,73,110 Hurdles
2005,H,14.83,0.149,M,73,110 Hurdles
2005,H,13.96,0.138,M,74,110 Hurdles
2005,H,13.96,0.158,M,74,110 Hurdles
2005,H,14.01,0.118,M,74,110 Hurdles
2005,H,14.12,0.159,M,74,110 Hurdles
2005,H,14.18,0.152,M,74,110 Hurdles
2005,H,14.25,0.131,M,74,110 Hurdles
2005,H,14.34,0.144,M,74,110 Hurdles
2005,H,15.41,0.203,M,74,110 Hurdles
2005,H,13.83,0.171,M,75,110 Hurdles
2005,H,13.86,0.21,M,75,110 Hurdles
2005,H,13.9,0.159,M,75,110 Hurdles
2005,H,13.9,0.153,M,75,110 Hurdles
2005,H,14.02,0.153,M,75,110 Hurdles
2005,H,14.38,0.144,M,75,110 Hurdles
2005,H,14.88,0.138,M,75,110 Hurdles
2005,H,15.05,0.17,M,75,110 Hurdles
2005,S,13.35,0.174,M,76,110 Hurdles
2005,S,13.39,0.155,M,76,110 Hurdles
2005,S,13.44,0.15,M,76,110 Hurdles
2005,S,13.54,0.15,M,76,110 Hurdles
2005,S,13.71,0.162,M,76,110 Hurdles
2005,S,13.88,0.153,M,76,110 Hurdles
2005,S,13.88,0.206,M,76,110 Hurdles
2005,S,14.11,0.147,M,76,110 Hurdles
2005,S,13.31,0.159,M,77,110 Hurdles
2005,S,13.42,0.143,M,77,110 Hurdles
2005,S,13.53,0.163,M,77,110 Hurdles
2005,S,13.63,0.138,M,77,110 Hurdles
2005,S,13.69,0.165,M,77,110 Hurdles
2005,S,13.73,0.152,M,77,110 Hurdles
2005,S,13.94,0.132,M,77,110 Hurdles
2005,S,13.99,0.159,M,77,110 Hurdles
2005,S,13.23,0.161,M,78,110 Hurdles
2005,S,13.24,0.16,M,78,110 Hurdles
2005,S,13.39,0.139,M,78,110 Hurdles
2005,S,13.43,0.136,M,78,110 Hurdles
2005,S,13.45,0.152,M,78,110 Hurdles
2005,S,13.63,0.133,M,78,110 Hurdles
2005,S,13.74,0.152,M,78,110 Hurdles
2005,S,14.16,0.156,M,78,110 Hurdles
2005,F,13.07,0.164,M,79,110 Hurdles
2005,F,13.08,0.142,M,79,110 Hurdles
2005,F,13.1,0.147,M,79,110 Hurdles
2005,F,13.13,0.173,M,79,110 Hurdles
2005,F,13.2,0.222,M,79,110 Hurdles
2005,F,13.47,0.16,M,79,110 Hurdles
2005,F,13.47,0.167,M,79,110 Hurdles
2005,F,13.48,0.157,M,79,110 Hurdles
2003,H,13.46,0.133,M,80,110 Hurdles
2003,H,13.48,0.237,M,80,110 Hurdles
2003,H,13.51,0.258,M,80,110 Hurdles
2003,H,13.62,0.147,M,80,110 Hurdles
2003,H,13.67,0.155,M,80,110 Hurdles
2003,H,13.69,0.169,M,80,110 Hurdles
2003,H,15.1,0.125,M,80,110 Hurdles
2003,H,13.42,0.174,M,81,110 Hurdles
2003,H,13.43,0.15,M,81,110 Hurdles
2003,H,13.5,0.153,M,81,110 Hurdles
2003,H,13.56,0.173,M,81,110 Hurdles
2003,H,13.74,0.288,M,81,110 Hurdles
2003,H,13.89,0.175,M,81,110 Hurdles
2003,H,13.9,0.154,M,81,110 Hurdles
2003,H,13.62,0.146,M,82,110 Hurdles
2003,H,13.62,0.179,M,82,110 Hurdles
2003,H,13.68,0.157,M,82,110 Hurdles
2003,H,13.72,0.24,M,82,110 Hurdles
2003,H,13.8,0.147,M,82,110 Hurdles
2003,H,14.17,0.138,M,82,110 Hurdles
2003,H,DNF,0.156,M,82,110 Hurdles
2003,H,13.49,0.169,M,83,110 Hurdles
2003,H,13.57,0.218,M,83,110 Hurdles
2003,H,13.59,0.184,M,83,110 Hurdles
2003,H,13.67,0.178,M,83,110 Hurdles
2003,H,13.69,0.148,M,83,110 Hurdles
2003,H,13.31,0.202,M,84,110 Hurdles
2003,H,13.41,0.137,M,84,110 Hurdles
2003,H,13.48,0.15,M,84,110 Hurdles
2003,H,13.67,0.15,M,84,110 Hurdles
2003,H,16.24,0.189,M,84,110 Hurdles
2003,H,D,0.15,M,84,110 Hurdles
2003,H,DNF,0.144,M,84,110 Hurdles
2003,S,13.53,0.173,M,85,110 Hurdles
2003,S,13.55,0.218,M,85,110 Hurdles
2003,S,13.6,0.137,M,85,110 Hurdles
2003,S,13.62,0.187,M,85,110 Hurdles
2003,S,13.7,0.168,M,85,110 Hurdles
2003,S,13.72,0.17,M,85,110 Hurdles
2003,S,13.77,0.254,M,85,110 Hurdles
2003,S,13.86,0.223,M,85,110 Hurdles
2003,S,13.19,0.168,M,86,110 Hurdles
2003,S,13.46,0.172,M,86,110 Hurdles
2003,S,13.49,0.135,M,86,110 Hurdles
2003,S,13.59,0.154,M,86,110 Hurdles
2003,S,13.59,0.164,M,86,110 Hurdles
2003,S,13.68,0.129,M,86,110 Hurdles
2003,S,13.84,0.157,M,86,110 Hurdles
2003,S,14.19,0.155,M,86,110 Hurdles
2003,S,13.34,0.162,M,87,110 Hurdles
2003,S,13.48,0.162,M,87,110 Hurdles
2003,S,13.53,0.147,M,87,110 Hurdles
2003,S,13.54,0.174,M,87,110 Hurdles
2003,S,13.67,0.216,M,87,110 Hurdles
2003,S,13.72,0.168,M,87,110 Hurdles
2003,S,13.74,0.143,M,87,110 Hurdles
2003,S,D,0.27,M,87,110 Hurdles
2003,F,13.12,0.159,M,88,110 Hurdles
2003,F,13.2,0.154,M,88,110 Hurdles
2003,F,13.23,0.14,M,88,110 Hurdles
2003,F,13.34,0.157,M,88,110 Hurdles
2003,F,13.48,0.155,M,88,110 Hurdles
2003,F,13.55,0.145,M,88,110 Hurdles
2003,F,13.57,0.152,M,88,110 Hurdles
2003,F,D,0.15,M,88,110 Hurdles
2001,H,13.59,0.16,M,89,110 Hurdles
2001,H,13.63,0.192,M,89,110 Hurdles
2001,H,13.64,0.143,M,89,110 Hurdles
2001,H,13.8,0.128,M,89,110 Hurdles
2001,H,13.93,0.128,M,89,110 Hurdles
2001,H,14.02,0.152,M,89,110 Hurdles
2001,H,16.34,0.175,M,89,110 Hurdles
2001,H,13.56,0.13,M,90,110 Hurdles
2001,H,13.58,0.127,M,90,110 Hurdles
2001,H,13.59,0.167,M,90,110 Hurdles
2001,H,13.61,0.153,M,90,110 Hurdles
2001,H,13.82,0.153,M,90,110 Hurdles
2001,H,13.96,0.128,M,90,110 Hurdles
2001,H,14.34,0.136,M,90,110 Hurdles
2001,H,13.21,0.139,M,91,110 Hurdles
2001,H,13.46,0.131,M,91,110 Hurdles
2001,H,13.59,0.143,M,91,110 Hurdles
2001,H,13.72,0.162,M,91,110 Hurdles
2001,H,13.85,0.128,M,91,110 Hurdles
2001,H,14.08,0.134,M,91,110 Hurdles
2001,H,13.28,0.155,M,92,110 Hurdles
2001,H,13.54,0.146,M,92,110 Hurdles
2001,H,13.6,0.15,M,92,110 Hurdles
2001,H,13.6,0.143,M,92,110 Hurdles
2001,H,13.89,0.121,M,92,110 Hurdles
2001,H,13.97,0.155,M,92,110 Hurdles
2001,H,13.4,0.124,M,93,110 Hurdles
2001,H,13.58,0.138,M,93,110 Hurdles
2001,H,13.74,0.151,M,93,110 Hurdles
2001,H,13.84,0.129,M,93,110 Hurdles
2001,H,13.88,0.132,M,93,110 Hurdles
2001,H,13.92,0.144,M,93,110 Hurdles
2001,H,15.01,0.144,M,93,110 Hurdles
2001,H,13.33,0.159,M,94,110 Hurdles
2001,H,13.38,0.138,M,94,110 Hurdles
2001,H,13.39,0.118,M,94,110 Hurdles
2001,H,13.57,0.141,M,94,110 Hurdles
2001,H,13.72,0.17,M,94,110 Hurdles
2001,H,13.88,0.158,M,94,110 Hurdles
2001,H,19.01,0.158,M,94,110 Hurdles
2001,S,13.19,0.142,M,95,110 Hurdles
2001,S,13.27,0.16,M,95,110 Hurdles
2001,S,13.29,0.116,M,95,110 Hurdles
2001,S,13.42,0.141,M,95,110 Hurdles
2001,S,13.61,0.131,M,95,110 Hurdles
2001,S,13.73,0.144,M,95,110 Hurdles
2001,S,13.89,0.152,M,95,110 Hurdles
2001,S,DNF,0.133,M,95,110 Hurdles
2001,S,13.38,0.125,M,96,110 Hurdles
2001,S,13.38,0.151,M,96,110 Hurdles
2001,S,13.41,0.145,M,96,110 Hurdles
2001,S,13.49,0.147,M,96,110 Hurdles
2001,S,13.56,0.121,M,96,110 Hurdles
2001,S,13.71,0.167,M,96,110 Hurdles
2001,S,13.77,0.174,M,96,110 Hurdles
2001,S,13.33,0.147,M,97,110 Hurdles
2001,S,13.43,0.136,M,97,110 Hurdles
2001,S,13.44,0.158,M,97,110 Hurdles
2001,S,13.51,0.148,M,97,110 Hurdles
2001,S,13.55,0.139,M,97,110 Hurdles
2001,S,13.55,0.16,M,97,110 Hurdles
2001,S,13.6,0.161,M,97,110 Hurdles
2001,S,13.98,0.145,M,97,110 Hurdles
2001,F,13.04,0.15,M,98,110 Hurdles
2001,F,13.07,0.15,M,98,110 Hurdles
2001,F,13.25,0.134,M,98,110 Hurdles
2001,F,13.3,0.151,M,98,110 Hurdles
2001,F,13.51,0.136,M,98,110 Hurdles
2001,F,13.52,0.131,M,98,110 Hurdles
2001,F,13.76,0.159,M,98,110 Hurdles
2001,F,13.84,0.133,M,98,110 Hurdles
1999,H,13.39,0.162,M,99,110 Hurdles
1999,H,13.42,0.153,M,99,110 Hurdles
1999,H,13.5,0.161,M,99,110 Hurdles
1999,H,13.62,0.153,M,99,110 Hurdles
1999,H,13.74,0.163,M,99,110 Hurdles
1999,H,13.83,0.138,M,99,110 Hurdles
1999,H,14.68,0.128,M,99,110 Hurdles
1999,H,13.3,0.113,M,100,110 Hurdles
1999,H,13.54,0.107,M,100,110 Hurdles
1999,H,13.55,0.143,M,100,110 Hurdles
1999,H,13.64,0.153,M,100,110 Hurdles
1999,H,13.84,0.161,M,100,110 Hurdles
1999,H,13.95,0.168,M,100,110 Hurdles
1999,H,14.01,0.138,M,100,110 Hurdles
1999,H,13.46,0.147,M,101,110 Hurdles
1999,H,13.53,0.132,M,101,110 Hurdles
1999,H,13.53,0.145,M,101,110 Hurdles
1999,H,13.63,0.149,M,101,110 Hurdles
1999,H,13.67,0.135,M,101,110 Hurdles
1999,H,13.76,0.142,M,101,110 Hurdles
1999,H,13.86,0.136,M,101,110 Hurdles
1999,H,13.35,0.12,M,102,110 Hurdles
1999,H,13.44,0.126,M,102,110 Hurdles
1999,H,13.45,0.141,M,102,110 Hurdles
1999,H,13.65,0.129,M,102,110 Hurdles
1999,H,13.65,0.223,M,102,110 Hurdles
1999,H,13.79,0.133,M,102,110 Hurdles
1999,H,15.74,0.116,M,102,110 Hurdles
1999,H,13.19,0.115,M,103,110 Hurdles
1999,H,13.28,0.134,M,103,110 Hurdles
1999,H,13.57,0.18,M,103,110 Hurdles
1999,H,13.62,0.161,M,103,110 Hurdles
1999,H,13.64,0.159,M,103,110 Hurdles
1999,H,13.64,0.137,M,103,110 Hurdles
1999,H,13.83,0.143,M,103,110 Hurdles
1999,H,13.4,0.155,M,104,110 Hurdles
1999,H,13.5,0.148,M,104,110 Hurdles
1999,H,13.55,0.126,M,104,110 Hurdles
1999,H,13.65,0.114,M,104,110 Hurdles
1999,H,13.66,0.144,M,104,110 Hurdles
1999,H,13.71,0.128,M,104,110 Hurdles
1999,S,13.13,0.139,M,105,110 Hurdles
1999,S,13.2,0.169,M,105,110 Hurdles
1999,S,13.3,0.135,M,105,110 Hurdles
1999,S,13.37,0.169,M,105,110 Hurdles
1999,S,13.54,0.156,M,105,110 Hurdles
1999,S,13.58,0.12,M,105,110 Hurdles
1999,S,13.62,0.125,M,105,110 Hurdles
1999,S,14.17,0.138,M,105,110 Hurdles
1999,S,13.21,0.117,M,106,110 Hurdles
1999,S,13.29,0.142,M,106,110 Hurdles
1999,S,13.37,0.127,M,106,110 Hurdles
1999,S,13.42,0.14,M,106,110 Hurdles
1999,S,13.53,0.139,M,106,110 Hurdles
1999,S,13.54,0.121,M,106,110 Hurdles
1999,S,13.56,0.123,M,106,110 Hurdles
1999,S,13.65,0.134,M,106,110 Hurdles
1999,S,13.3,0.135,M,107,110 Hurdles
1999,S,13.43,0.138,M,107,110 Hurdles
1999,S,13.48,0.141,M,107,110 Hurdles
1999,S,13.5,0.149,M,107,110 Hurdles
1999,S,13.56,0.164,M,107,110 Hurdles
1999,S,13.63,0.135,M,107,110 Hurdles
1999,S,13.78,0.123,M,107,110 Hurdles
1999,S,13.35,0.148,M,108,110 Hurdles
1999,S,13.38,0.14,M,108,110 Hurdles
1999,S,13.47,0.135,M,108,110 Hurdles
1999,S,13.48,0.167,M,108,110 Hurdles
1999,S,13.56,0.159,M,108,110 Hurdles
1999,S,13.61,0.134,M,108,110 Hurdles
1999,S,13.74,0.129,M,108,110 Hurdles
1999,S,14.32,0.152,M,108,110 Hurdles
1999,S,13.14,0.151,M,109,110 Hurdles
1999,S,13.3,0.135,M,109,110 Hurdles
1999,S,13.32,0.143,M,109,110 Hurdles
1999,S,13.32,0.136,M,109,110 Hurdles
1999,S,13.35,0.161,M,109,110 Hurdles
1999,S,13.4,0.136,M,109,110 Hurdles
1999,S,13.45,0.133,M,109,110 Hurdles
1999,S,13.52,0.133,M,109,110 Hurdles
1999,S,13.18,0.139,M,110,110 Hurdles
1999,S,13.19,0.11,M,110,110 Hurdles
1999,S,13.3,0.123,M,110,110 Hurdles
1999,S,13.47,0.134,M,110,110 Hurdles
1999,S,13.49,0.113,M,110,110 Hurdles
1999,S,13.7,0.137,M,110,110 Hurdles
1999,S,13.86,0.151,M,110,110 Hurdles
1999,F,13.04,0.116,M,111,110 Hurdles
1999,F,13.07,0.158,M,111,110 Hurdles
1999,F,13.12,0.141,M,111,110 Hurdles
1999,F,13.22,0.148,M,111,110 Hurdles
1999,F,13.26,0.153,M,111,110 Hurdles
1999,F,13.3,0.129,M,111,110 Hurdles
1999,F,13.39,0.132,M,111,110 Hurdles
1999,F,13.54,0.142,M,111,110 Hurdles
2022,H,12.59,0.153,F,261,100 Hurdles
2022,H,12.95,0.137,F,261,100 Hurdles
2022,H,13.04,0.13,F,261,100 Hurdles
2022,H,13.24,0.138,F,261,100 Hurdles
2022,H,13.25,0.158,F,261,100 Hurdles
2022,H,13.64,0.148,F,261,100 Hurdles
2022,H,D,0.13,F,261,100 Hurdles
2022,H,12.52,0.185,F,262,100 Hurdles
2022,H,12.69,0.124,F,262,100 Hurdles
2022,H,13,0.162,F,262,100 Hurdles
2022,H,13.15,0.108,F,262,100 Hurdles
2022,H,13.27,0.124,F,262,100 Hurdles
2022,H,13.38,0.147,F,262,100 Hurdles
2022,H,14.22,0.136,F,262,100 Hurdles
2022,H,12.4,0.135,F,263,100 Hurdles
2022,H,12.87,0.194,F,263,100 Hurdles
2022,H,12.99,0.117,F,263,100 Hurdles
2022,H,13.01,0.163,F,263,100 Hurdles
2022,H,13.12,0.137,F,263,100 Hurdles
2022,H,13.12,0.119,F,263,100 Hurdles
2022,H,13.57,0.14,F,263,100 Hurdles
2022,H,12.7,0.131,F,264,100 Hurdles
2022,H,12.76,0.136,F,264,100 Hurdles
2022,H,13.12,0.122,F,264,100 Hurdles
2022,H,13.13,0.165,F,264,100 Hurdles
2022,H,13.37,0.107,F,264,100 Hurdles
2022,H,D,0.169,F,264,100 Hurdles
2022,H,D,0.13,F,264,100 Hurdles
2022,H,12.48,0.149,F,265,100 Hurdles
2022,H,12.73,0.166,F,265,100 Hurdles
2022,H,12.94,0.14,F,265,100 Hurdles
2022,H,12.96,0.108,F,265,100 Hurdles
2022,H,13.03,0.181,F,265,100 Hurdles
2022,H,DNF,0.176,F,265,100 Hurdles
2022,H,12.6,0.182,F,266,100 Hurdles
2022,H,12.67,0.149,F,266,100 Hurdles
2022,H,12.84,0.131,F,266,100 Hurdles
2022,H,13.09,0.129,F,266,100 Hurdles
2022,H,13.12,0.134,F,266,100 Hurdles
2022,H,13.12,0.199,F,266,100 Hurdles
2022,H,13.16,0.127,F,266,100 Hurdles
2022,H,14.09,0.187,F,266,100 Hurdles
2022,S,12.12,0.144,F,267,100 Hurdles
2022,S,12.27,0.155,F,267,100 Hurdles
2022,S,12.41,0.105,F,267,100 Hurdles
2022,S,12.5,0.158,F,267,100 Hurdles
2022,S,12.66,0.12,F,267,100 Hurdles
2022,S,12.7,0.134,F,267,100 Hurdles
2022,S,12.82,0.154,F,267,100 Hurdles
2022,S,12.82,0.119,F,267,100 Hurdles
2022,S,12.43,0.153,F,268,100 Hurdles
2022,S,12.46,0.138,F,268,100 Hurdles
2022,S,12.52,0.173,F,268,100 Hurdles
2022,S,12.62,0.119,F,268,100 Hurdles
2022,S,12.93,0.128,F,268,100 Hurdles
2022,S,13.04,0.123,F,268,100 Hurdles
2022,S,13.05,0.134,F,268,100 Hurdles
2022,S,D,0.143,F,268,100 Hurdles
2022,S,12.31,0.143,F,269,100 Hurdles
2022,S,12.32,0.126,F,269,100 Hurdles
2022,S,12.66,0.125,F,269,100 Hurdles
2022,S,12.74,0.106,F,269,100 Hurdles
2022,S,12.87,0.117,F,269,100 Hurdles
2022,S,12.93,0.157,F,269,100 Hurdles
2022,S,12.94,0.164,F,269,100 Hurdles
2022,S,13.15,0.113,F,269,100 Hurdles
2022,F,12.06,0.13,F,270,100 Hurdles
2022,F,12.23,0.129,F,270,100 Hurdles
2022,F,12.23,0.127,F,270,100 Hurdles
2022,F,12.31,0.125,F,270,100 Hurdles
2022,F,12.38,0.158,F,270,100 Hurdles
2022,F,12.44,0.105,F,270,100 Hurdles
2022,F,12.53,0.129,F,270,100 Hurdles
2022,F,D,0.145,F,270,100 Hurdles
2019,H,12.59,0.157,F,271,100 Hurdles
2019,H,12.78,0.186,F,271,100 Hurdles
2019,H,12.97,0.173,F,271,100 Hurdles
2019,H,13.14,0.2,F,271,100 Hurdles
2019,H,13.2,0.17,F,271,100 Hurdles
2019,H,13.44,0.177,F,271,100 Hurdles
2019,H,14,0.167,F,271,100 Hurdles
2019,H,DNF,0.132,F,271,100 Hurdles
2019,H,12.8,0.156,F,272,100 Hurdles
2019,H,12.85,0.17,F,272,100 Hurdles
2019,H,12.91,0.149,F,272,100 Hurdles
2019,H,13.11,0.12,F,272,100 Hurdles
2019,H,13.19,0.131,F,272,100 Hurdles
2019,H,13.51,0.179,F,272,100 Hurdles
2019,H,12.51,0.126,F,273,100 Hurdles
2019,H,12.68,0.144,F,273,100 Hurdles
2019,H,12.97,0.147,F,273,100 Hurdles
2019,H,13,0.192,F,273,100 Hurdles
2019,H,13.08,0.146,F,273,100 Hurdles
2019,H,13.14,0.164,F,273,100 Hurdles
2019,H,13.49,0.135,F,273,100 Hurdles
2019,H,12.55,0.131,F,274,100 Hurdles
2019,H,12.76,0.137,F,274,100 Hurdles
2019,H,12.84,0.149,F,274,100 Hurdles
2019,H,12.96,0.146,F,274,100 Hurdles
2019,H,13.11,0.13,F,274,100 Hurdles
2019,H,13.15,0.147,F,274,100 Hurdles
2019,H,13.3,0.145,F,274,100 Hurdles
2019,H,14.79,0.181,F,274,100 Hurdles
2019,H,12.48,0.121,F,275,100 Hurdles
2019,H,12.61,0.115,F,275,100 Hurdles
2019,H,12.75,0.138,F,275,100 Hurdles
2019,H,12.78,0.138,F,275,100 Hurdles
2019,H,12.92,0.15,F,275,100 Hurdles
2019,H,12.97,0.145,F,275,100 Hurdles
2019,H,12.98,0.136,F,275,100 Hurdles
2019,H,13.47,0.136,F,275,100 Hurdles
2019,S,12.41,0.122,F,276,100 Hurdles
2019,S,12.44,0.15,F,276,100 Hurdles
2019,S,12.62,0.148,F,276,100 Hurdles
2019,S,12.86,0.144,F,276,100 Hurdles
2019,S,12.87,0.187,F,276,100 Hurdles
2019,S,12.97,0.176,F,276,100 Hurdles
2019,S,13.09,0.159,F,276,100 Hurdles
2019,S,13.18,0.193,F,276,100 Hurdles
2019,S,12.58,0.155,F,277,100 Hurdles
2019,S,12.61,0.175,F,277,100 Hurdles
2019,S,12.8,0.15,F,277,100 Hurdles
2019,S,12.86,0.134,F,277,100 Hurdles
2019,S,12.89,0.155,F,277,100 Hurdles
2019,S,12.95,0.189,F,277,100 Hurdles
2019,S,12.96,0.145,F,277,100 Hurdles
2019,S,13.06,0.159,F,277,100 Hurdles
2019,S,12.48,0.124,F,278,100 Hurdles
2019,S,12.62,0.134,F,278,100 Hurdles
2019,S,12.65,0.15,F,278,100 Hurdles
2019,S,12.78,0.144,F,278,100 Hurdles
2019,S,13.24,0.128,F,278,100 Hurdles
2019,S,13.25,0.15,F,278,100 Hurdles
2019,S,13.38,0.131,F,278,100 Hurdles
2019,S,D,0.135,F,278,100 Hurdles
2019,F,12.34,0.155,F,279,100 Hurdles
2019,F,12.46,0.14,F,279,100 Hurdles
2019,F,12.47,0.127,F,279,100 Hurdles
2019,F,12.49,0.218,F,279,100 Hurdles
2019,F,12.64,0.157,F,279,100 Hurdles
2019,F,12.66,0.147,F,279,100 Hurdles
2019,F,12.88,0.147,F,279,100 Hurdles
2019,F,DNF,0.209,F,279,100 Hurdles
2017,H,12.66,0.125,F,280,100 Hurdles
2017,H,12.74,0.137,F,280,100 Hurdles
2017,H,12.94,0.153,F,280,100 Hurdles
2017,H,12.97,0.146,F,280,100 Hurdles
2017,H,13.12,0.136,F,280,100 Hurdles
2017,H,13.15,0.124,F,280,100 Hurdles
2017,H,13.4,0.13,F,280,100 Hurdles
2017,H,13.42,0.173,F,280,100 Hurdles
2017,H,12.78,0.187,F,281,100 Hurdles
2017,H,12.93,0.153,F,281,100 Hurdles
2017,H,13.01,0.134,F,281,100 Hurdles
2017,H,13.15,0.16,F,281,100 Hurdles
2017,H,13.17,0.179,F,281,100 Hurdles
2017,H,13.18,0.142,F,281,100 Hurdles
2017,H,13.34,0.166,F,281,100 Hurdles
2017,H,13.63,0.159,F,281,100 Hurdles
2017,H,12.6,0.147,F,282,100 Hurdles
2017,H,12.88,0.138,F,282,100 Hurdles
2017,H,12.88,0.156,F,282,100 Hurdles
2017,H,13.02,0.191,F,282,100 Hurdles
2017,H,13.07,0.157,F,282,100 Hurdles
2017,H,13.11,0.148,F,282,100 Hurdles
2017,H,13.14,0.144,F,282,100 Hurdles
2017,H,13.78,0.17,F,282,100 Hurdles
2017,H,12.72,0.135,F,283,100 Hurdles
2017,H,12.88,0.179,F,283,100 Hurdles
2017,H,12.94,0.153,F,283,100 Hurdles
2017,H,13.01,0.139,F,283,100 Hurdles
2017,H,13.08,0.151,F,283,100 Hurdles
2017,H,13.29,0.143,F,283,100 Hurdles
2017,H,13.35,0.137,F,283,100 Hurdles
2017,H,13.38,0.183,F,283,100 Hurdles
2017,H,12.87,0.141,F,284,100 Hurdles
2017,H,12.96,0.161,F,284,100 Hurdles
2017,H,12.97,0.163,F,284,100 Hurdles
2017,H,13.01,0.155,F,284,100 Hurdles
2017,H,13.14,0.167,F,284,100 Hurdles
2017,H,13.23,0.17,F,284,100 Hurdles
2017,H,13.37,0.147,F,284,100 Hurdles
2017,H,DNF,0.156,F,284,100 Hurdles
2017,S,12.53,0.119,F,285,100 Hurdles
2017,S,12.79,0.158,F,285,100 Hurdles
2017,S,12.83,0.175,F,285,100 Hurdles
2017,S,12.93,0.148,F,285,100 Hurdles
2017,S,13.04,0.117,F,285,100 Hurdles
2017,S,13.11,0.147,F,285,100 Hurdles
2017,S,13.18,0.163,F,285,100 Hurdles
2017,S,13.34,0.139,F,285,100 Hurdles
2017,S,12.71,0.149,F,286,100 Hurdles
2017,S,12.85,0.119,F,286,100 Hurdles
2017,S,12.88,0.143,F,286,100 Hurdles
2017,S,13.04,0.137,F,286,100 Hurdles
2017,S,13.14,0.121,F,286,100 Hurdles
2017,S,13.16,0.129,F,286,100 Hurdles
2017,S,13.25,0.145,F,286,100 Hurdles
2017,S,13.29,0.163,F,286,100 Hurdles
2017,S,12.63,0.109,F,287,100 Hurdles
2017,S,12.71,0.156,F,287,100 Hurdles
2017,S,12.86,0.148,F,287,100 Hurdles
2017,S,12.87,0.149,F,287,100 Hurdles
2017,S,12.94,0.18,F,287,100 Hurdles
2017,S,12.95,0.163,F,287,100 Hurdles
2017,S,13.08,0.139,F,287,100 Hurdles
2017,S,13.29,0.183,F,287,100 Hurdles
2017,F,12.59,0.127,F,288,100 Hurdles
2017,F,12.63,0.167,F,288,100 Hurdles
2017,F,12.72,0.143,F,288,100 Hurdles
2017,F,12.74,0.146,F,288,100 Hurdles
2017,F,12.74,0.183,F,288,100 Hurdles
2017,F,12.81,0.139,F,288,100 Hurdles
2017,F,12.83,0.154,F,288,100 Hurdles
2017,F,13.04,0.149,F,288,100 Hurdles
2015,H,12.77,0.158,F,289,100 Hurdles
2015,H,12.9,0.17,F,289,100 Hurdles
2015,H,12.96,0.162,F,289,100 Hurdles
2015,H,13.14,0.146,F,289,100 Hurdles
2015,H,13.15,0.143,F,289,100 Hurdles
2015,H,13.23,0.139,F,289,100 Hurdles
2015,H,13.7,0.148,F,289,100 Hurdles
2015,H,12.86,0.151,F,290,100 Hurdles
2015,H,12.93,0.183,F,290,100 Hurdles
2015,H,12.93,0.176,F,290,100 Hurdles
2015,H,13.05,0.2,F,290,100 Hurdles
2015,H,13.06,0.153,F,290,100 Hurdles
2015,H,13.13,0.146,F,290,100 Hurdles
2015,H,13.74,0.204,F,290,100 Hurdles
2015,H,12.79,0.156,F,291,100 Hurdles
2015,H,12.88,0.157,F,291,100 Hurdles
2015,H,12.9,0.162,F,291,100 Hurdles
2015,H,13.02,0.135,F,291,100 Hurdles
2015,H,13.04,0.17,F,291,100 Hurdles
2015,H,13.1,0.166,F,291,100 Hurdles
2015,H,13.16,0.132,F,291,100 Hurdles
2015,H,12.67,0.162,F,292,100 Hurdles
2015,H,12.78,0.178,F,292,100 Hurdles
2015,H,12.88,0.159,F,292,100 Hurdles
2015,H,12.97,0.177,F,292,100 Hurdles
2015,H,13.03,0.172,F,292,100 Hurdles
2015,H,13.29,0.198,F,292,100 Hurdles
2015,H,14.12,0.168,F,292,100 Hurdles
2015,H,14.77,0.152,F,292,100 Hurdles
2015,H,12.73,0.147,F,293,100 Hurdles
2015,H,12.86,0.146,F,293,100 Hurdles
2015,H,12.87,0.156,F,293,100 Hurdles
2015,H,13.09,0.251,F,293,100 Hurdles
2015,H,13.27,0.188,F,293,100 Hurdles
2015,H,13.3,0.19,F,293,100 Hurdles
2015,H,13.35,0.161,F,293,100 Hurdles
2015,H,14.09,0.196,F,293,100 Hurdles
2015,S,12.58,0.18,F,294,100 Hurdles
2015,S,12.59,0.17,F,294,100 Hurdles
2015,S,12.7,0.159,F,294,100 Hurdles
2015,S,12.86,0.155,F,294,100 Hurdles
2015,S,12.87,0.131,F,294,100 Hurdles
2015,S,12.91,0.217,F,294,100 Hurdles
2015,S,DNF,0.164,F,294,100 Hurdles
2015,S,DNF,0.176,F,294,100 Hurdles
2015,S,12.62,0.134,F,295,100 Hurdles
2015,S,12.79,0.145,F,295,100 Hurdles
2015,S,12.81,0.167,F,295,100 Hurdles
2015,S,12.9,0.155,F,295,100 Hurdles
2015,S,13,0.153,F,295,100 Hurdles
2015,S,13.01,0.122,F,295,100 Hurdles
2015,S,D,0.071,F,295,100 Hurdles
2015,S,DNF,0.146,F,295,100 Hurdles
2015,S,12.71,0.142,F,296,100 Hurdles
2015,S,12.86,0.184,F,296,100 Hurdles
2015,S,12.88,0.16,F,296,100 Hurdles
2015,S,12.91,0.152,F,296,100 Hurdles
2015,S,12.97,0.154,F,296,100 Hurdles
2015,S,13,0.145,F,296,100 Hurdles
2015,S,13.06,0.179,F,296,100 Hurdles
2015,S,33.95,0.137,F,296,100 Hurdles
2015,F,12.57,0.142,F,297,100 Hurdles
2015,F,12.59,0.145,F,297,100 Hurdles
2015,F,12.66,0.146,F,297,100 Hurdles
2015,F,12.67,0.148,F,297,100 Hurdles
2015,F,12.68,0.14,F,297,100 Hurdles
2015,F,12.95,0.165,F,297,100 Hurdles
2015,F,12.95,0.177,F,297,100 Hurdles
2015,F,13.06,0.168,F,297,100 Hurdles
2013,H,12.93,0.169,F,298,100 Hurdles
2013,H,13.07,0.232,F,298,100 Hurdles
2013,H,13.16,0.172,F,298,100 Hurdles
2013,H,13.19,0.153,F,298,100 Hurdles
2013,H,13.24,0.19,F,298,100 Hurdles
2013,H,13.29,0.183,F,298,100 Hurdles
2013,H,13.72,0.169,F,298,100 Hurdles
2013,H,12.62,0.132,F,299,100 Hurdles
2013,H,12.71,0.184,F,299,100 Hurdles
2013,H,12.94,0.194,F,299,100 Hurdles
2013,H,13.04,0.17,F,299,100 Hurdles
2013,H,13.2,0.222,F,299,100 Hurdles
2013,H,13.2,0.236,F,299,100 Hurdles
2013,H,13.23,0.257,F,299,100 Hurdles
2013,H,13.66,0.171,F,299,100 Hurdles
2013,H,12.95,0.202,F,300,100 Hurdles
2013,H,12.99,0.202,F,300,100 Hurdles
2013,H,13.11,0.154,F,300,100 Hurdles
2013,H,13.15,0.165,F,300,100 Hurdles
2013,H,13.26,0.15,F,300,100 Hurdles
2013,H,13.3,0.248,F,300,100 Hurdles
2013,H,13.59,0.231,F,300,100 Hurdles
2013,H,12.72,0.157,F,301,100 Hurdles
2013,H,12.84,0.165,F,301,100 Hurdles
2013,H,13.01,0.175,F,301,100 Hurdles
2013,H,13.16,0.214,F,301,100 Hurdles
2013,H,13.47,0.172,F,301,100 Hurdles
2013,H,13.85,0.201,F,301,100 Hurdles
2013,H,14.38,0.159,F,301,100 Hurdles
2013,H,D,0.194,F,301,100 Hurdles
2013,H,12.55,0.177,F,302,100 Hurdles
2013,H,13.06,0.134,F,302,100 Hurdles
2013,H,13.09,0.172,F,302,100 Hurdles
2013,H,13.33,0.154,F,302,100 Hurdles
2013,H,13.35,0.207,F,302,100 Hurdles
2013,H,13.43,0.221,F,302,100 Hurdles
2013,S,12.63,0.138,F,303,100 Hurdles
2013,S,12.76,0.162,F,303,100 Hurdles
2013,S,12.83,0.157,F,303,100 Hurdles
2013,S,12.91,0.148,F,303,100 Hurdles
2013,S,12.92,0.15,F,303,100 Hurdles
2013,S,13.04,0.225,F,303,100 Hurdles
2013,S,13.06,0.159,F,303,100 Hurdles
2013,S,13.15,0.163,F,303,100 Hurdles
2013,S,12.54,0.177,F,304,100 Hurdles
2013,S,12.78,0.167,F,304,100 Hurdles
2013,S,12.93,0.155,F,304,100 Hurdles
2013,S,13.01,0.183,F,304,100 Hurdles
2013,S,13.04,0.148,F,304,100 Hurdles
2013,S,13.12,0.285,F,304,100 Hurdles
2013,S,D,0.187,F,304,100 Hurdles
2013,S,D,0.177,F,304,100 Hurdles
2013,S,12.5,0.14,F,305,100 Hurdles
2013,S,12.61,0.168,F,305,100 Hurdles
2013,S,12.71,0.189,F,305,100 Hurdles
2013,S,12.82,0.213,F,305,100 Hurdles
2013,S,12.91,0.159,F,305,100 Hurdles
2013,S,13.13,0.168,F,305,100 Hurdles
2013,S,13.22,0.182,F,305,100 Hurdles
2013,S,13.52,0.13,F,305,100 Hurdles
2013,F,12.44,0.263,F,306,100 Hurdles
2013,F,12.5,0.154,F,306,100 Hurdles
2013,F,12.55,0.149,F,306,100 Hurdles
2013,F,12.59,0.194,F,306,100 Hurdles
2013,F,12.73,0.174,F,306,100 Hurdles
2013,F,12.78,0.152,F,306,100 Hurdles
2013,F,12.84,0.165,F,306,100 Hurdles
2013,F,D,0.206,F,306,100 Hurdles
2011,H,12.73,0.182,F,307,100 Hurdles
2011,H,12.82,0.166,F,307,100 Hurdles
2011,H,12.9,0.181,F,307,100 Hurdles
2011,H,12.96,0.149,F,307,100 Hurdles
2011,H,13.07,0.192,F,307,100 Hurdles
2011,H,13.28,0.212,F,307,100 Hurdles
2011,H,13.44,0.154,F,307,100 Hurdles
2011,H,14.4,0.169,F,307,100 Hurdles
2011,H,12.53,0.141,F,308,100 Hurdles
2011,H,13.07,0.165,F,308,100 Hurdles
2011,H,13.23,0.157,F,308,100 Hurdles
2011,H,13.25,0.223,F,308,100 Hurdles
2011,H,13.36,0.204,F,308,100 Hurdles
2011,H,13.39,0.18,F,308,100 Hurdles
2011,H,13.39,0.139,F,308,100 Hurdles
2011,H,12.84,0.161,F,309,100 Hurdles
2011,H,12.98,0.158,F,309,100 Hurdles
2011,H,13.05,0.161,F,309,100 Hurdles
2011,H,13.16,0.167,F,309,100 Hurdles
2011,H,13.29,0.195,F,309,100 Hurdles
2011,H,13.5,0.176,F,309,100 Hurdles
2011,H,13.56,0.187,F,309,100 Hurdles
2011,H,14.45,0.196,F,309,100 Hurdles
2011,H,12.79,0.16,F,310,100 Hurdles
2011,H,12.84,0.142,F,310,100 Hurdles
2011,H,12.89,0.157,F,310,100 Hurdles
2011,H,12.96,0.146,F,310,100 Hurdles
2011,H,13.01,0.177,F,310,100 Hurdles
2011,H,13.13,0.157,F,310,100 Hurdles
2011,H,13.47,0.205,F,310,100 Hurdles
2011,H,13.76,0.185,F,310,100 Hurdles
2011,H,12.89,0.173,F,311,100 Hurdles
2011,H,12.95,0.169,F,311,100 Hurdles
2011,H,13.03,0.19,F,311,100 Hurdles
2011,H,13.07,0.21,F,311,100 Hurdles
2011,H,13.07,0.189,F,311,100 Hurdles
2011,H,13.43,0.171,F,311,100 Hurdles
2011,H,14.04,0.172,F,311,100 Hurdles
2011,S,12.73,0.124,F,312,100 Hurdles
2011,S,12.79,0.168,F,312,100 Hurdles
2011,S,12.86,0.133,F,312,100 Hurdles
2011,S,12.94,0.163,F,312,100 Hurdles
2011,S,13,0.176,F,312,100 Hurdles
2011,S,13.19,0.174,F,312,100 Hurdles
2011,S,13.31,0.16,F,312,100 Hurdles
2011,S,13.55,0.208,F,312,100 Hurdles
2011,S,12.36,0.14,F,313,100 Hurdles
2011,S,12.74,0.181,F,313,100 Hurdles
2011,S,12.76,0.163,F,313,100 Hurdles
2011,S,12.88,0.138,F,313,100 Hurdles
2011,S,12.93,0.169,F,313,100 Hurdles
2011,S,12.96,0.15,F,313,100 Hurdles
2011,S,12.98,0.156,F,313,100 Hurdles
2011,S,13.14,0.158,F,313,100 Hurdles
2011,S,12.56,0.137,F,314,100 Hurdles
2011,S,12.65,0.163,F,314,100 Hurdles
2011,S,12.84,0.148,F,314,100 Hurdles
2011,S,12.87,0.138,F,314,100 Hurdles
2011,S,12.91,0.148,F,314,100 Hurdles
2011,S,13.02,0.184,F,314,100 Hurdles
2011,S,13.21,0.175,F,314,100 Hurdles
2011,F,12.28,0.145,F,315,100 Hurdles
2011,F,12.47,0.168,F,315,100 Hurdles
2011,F,12.47,0.164,F,315,100 Hurdles
2011,F,12.63,0.158,F,315,100 Hurdles
2011,F,12.82,0.161,F,315,100 Hurdles
2011,F,12.93,0.172,F,315,100 Hurdles
2011,F,17.97,0.126,F,315,100 Hurdles
2011,F,DNF,0.171,F,315,100 Hurdles
2009,H,12.7,0.143,F,316,100 Hurdles
2009,H,12.73,0.159,F,316,100 Hurdles
2009,H,13.12,0.164,F,316,100 Hurdles
2009,H,13.51,0.155,F,316,100 Hurdles
2009,H,13.83,0.156,F,316,100 Hurdles
2009,H,14.53,0.165,F,316,100 Hurdles
2009,H,D,0.139,F,316,100 Hurdles
2009,H,12.71,0.185,F,317,100 Hurdles
2009,H,12.9,0.135,F,317,100 Hurdles
2009,H,13.03,0.148,F,317,100 Hurdles
2009,H,13.18,0.155,F,317,100 Hurdles
2009,H,13.27,0.135,F,317,100 Hurdles
2009,H,13.33,0.149,F,317,100 Hurdles
2009,H,13.44,0.189,F,317,100 Hurdles
2009,H,13.5,0.2,F,317,100 Hurdles
2009,H,12.82,0.14,F,318,100 Hurdles
2009,H,12.86,0.147,F,318,100 Hurdles
2009,H,12.88,0.145,F,318,100 Hurdles
2009,H,13.04,0.165,F,318,100 Hurdles
2009,H,13.19,0.151,F,318,100 Hurdles
2009,H,13.41,0.169,F,318,100 Hurdles
2009,H,13.68,0.165,F,318,100 Hurdles
2009,H,14.5,0.167,F,318,100 Hurdles
2009,H,12.56,0.142,F,319,100 Hurdles
2009,H,12.77,0.156,F,319,100 Hurdles
2009,H,12.92,0.165,F,319,100 Hurdles
2009,H,12.95,0.144,F,319,100 Hurdles
2009,H,13.04,0.139,F,319,100 Hurdles
2009,H,13.19,0.158,F,319,100 Hurdles
2009,H,13.36,0.149,F,319,100 Hurdles
2009,H,12.67,0.134,F,320,100 Hurdles
2009,H,12.77,0.147,F,320,100 Hurdles
2009,H,12.82,0.149,F,320,100 Hurdles
2009,H,12.86,0.145,F,320,100 Hurdles
2009,H,13.16,0.156,F,320,100 Hurdles
2009,H,13.23,0.175,F,320,100 Hurdles
2009,H,13.41,0.132,F,320,100 Hurdles
2009,H,DNF,0.137,F,320,100 Hurdles
2009,S,12.6,0.142,F,321,100 Hurdles
2009,S,12.64,0.141,F,321,100 Hurdles
2009,S,12.73,0.138,F,321,100 Hurdles
2009,S,12.92,0.158,F,321,100 Hurdles
2009,S,12.99,0.153,F,321,100 Hurdles
2009,S,13,0.136,F,321,100 Hurdles
2009,S,13.06,0.149,F,321,100 Hurdles
2009,S,13.2,0.146,F,321,100 Hurdles
2009,S,12.54,0.108,F,322,100 Hurdles
2009,S,12.58,0.151,F,322,100 Hurdles
2009,S,12.76,0.165,F,322,100 Hurdles
2009,S,12.82,0.163,F,322,100 Hurdles
2009,S,13,0.146,F,322,100 Hurdles
2009,S,13.23,0.166,F,322,100 Hurdles
2009,S,13.29,0.145,F,322,100 Hurdles
2009,S,D,0.118,F,322,100 Hurdles
2009,S,12.48,0.161,F,323,100 Hurdles
2009,S,12.66,0.139,F,323,100 Hurdles
2009,S,12.73,0.148,F,323,100 Hurdles
2009,S,12.76,0.144,F,323,100 Hurdles
2009,S,12.94,0.149,F,323,100 Hurdles
2009,S,12.94,0.143,F,323,100 Hurdles
2009,S,13.21,0.165,F,323,100 Hurdles
2009,S,13.21,0.14,F,323,100 Hurdles
2009,F,12.51,0.157,F,324,100 Hurdles
2009,F,12.54,0.128,F,324,100 Hurdles
2009,F,12.55,0.142,F,324,100 Hurdles
2009,F,12.67,0.128,F,324,100 Hurdles
2009,F,12.7,0.139,F,324,100 Hurdles
2009,F,12.78,0.146,F,324,100 Hurdles
2009,F,12.81,0.164,F,324,100 Hurdles
2009,F,15.53,0.151,F,324,100 Hurdles
2007,H,12.72,0.129,F,325,100 Hurdles
2007,H,12.85,0.144,F,325,100 Hurdles
2007,H,12.88,0.141,F,325,100 Hurdles
2007,H,12.91,0.139,F,325,100 Hurdles
2007,H,12.94,0.15,F,325,100 Hurdles
2007,H,13.1,0.175,F,325,100 Hurdles
2007,H,13.28,0.155,F,325,100 Hurdles
2007,H,14.35,0.116,F,325,100 Hurdles
2007,H,15.78,0.154,F,325,100 Hurdles
2007,H,12.78,0.163,F,326,100 Hurdles
2007,H,12.81,0.138,F,326,100 Hurdles
2007,H,12.86,0.165,F,326,100 Hurdles
2007,H,12.92,0.146,F,326,100 Hurdles
2007,H,12.95,0.148,F,326,100 Hurdles
2007,H,13.05,0.158,F,326,100 Hurdles
2007,H,13.07,0.149,F,326,100 Hurdles
2007,H,13.08,0.17,F,326,100 Hurdles
2007,H,12.73,0.143,F,327,100 Hurdles
2007,H,12.76,0.151,F,327,100 Hurdles
2007,H,12.77,0.169,F,327,100 Hurdles
2007,H,12.88,0.161,F,327,100 Hurdles
2007,H,13.01,0.133,F,327,100 Hurdles
2007,H,13.12,0.137,F,327,100 Hurdles
2007,H,13.16,0.16,F,327,100 Hurdles
2007,H,13.48,0.151,F,327,100 Hurdles
2007,H,14.89,0.211,F,327,100 Hurdles
2007,H,12.66,0.133,F,328,100 Hurdles
2007,H,12.74,0.149,F,328,100 Hurdles
2007,H,12.91,0.138,F,328,100 Hurdles
2007,H,12.91,0.143,F,328,100 Hurdles
2007,H,12.97,0.124,F,328,100 Hurdles
2007,H,12.99,0.158,F,328,100 Hurdles
2007,H,13.04,0.137,F,328,100 Hurdles
2007,H,13.29,0.172,F,328,100 Hurdles
2007,S,12.64,0.16,F,329,100 Hurdles
2007,S,12.65,0.13,F,329,100 Hurdles
2007,S,12.67,0.137,F,329,100 Hurdles
2007,S,12.68,0.155,F,329,100 Hurdles
2007,S,12.8,0.118,F,329,100 Hurdles
2007,S,12.85,0.134,F,329,100 Hurdles
2007,S,12.85,0.155,F,329,100 Hurdles
2007,S,12.88,0.148,F,329,100 Hurdles
2007,S,12.55,0.137,F,330,100 Hurdles
2007,S,12.61,0.133,F,330,100 Hurdles
2007,S,12.65,0.202,F,330,100 Hurdles
2007,S,12.67,0.133,F,330,100 Hurdles
2007,S,12.82,0.124,F,330,100 Hurdles
2007,S,12.89,0.153,F,330,100 Hurdles
2007,S,12.93,0.164,F,330,100 Hurdles
2007,S,12.98,0.129,F,330,100 Hurdles
2007,F,12.46,0.105,F,331,100 Hurdles
2007,F,12.49,0.132,F,331,100 Hurdles
2007,F,12.5,0.116,F,331,100 Hurdles
2007,F,12.51,0.142,F,331,100 Hurdles
2007,F,12.55,0.12,F,331,100 Hurdles
2007,F,12.62,0.14,F,331,100 Hurdles
2007,F,12.64,0.161,F,331,100 Hurdles
2007,F,12.66,0.138,F,331,100 Hurdles
2005,H,12.64,0.152,F,332,100 Hurdles
2005,H,12.95,0.179,F,332,100 Hurdles
2005,H,12.96,0.205,F,332,100 Hurdles
2005,H,13.14,0.144,F,332,100 Hurdles
2005,H,13.21,0.145,F,332,100 Hurdles
2005,H,13.39,0.127,F,332,100 Hurdles
2005,H,12.65,0.135,F,333,100 Hurdles
2005,H,12.71,0.159,F,333,100 Hurdles
2005,H,12.73,0.146,F,333,100 Hurdles
2005,H,12.91,0.153,F,333,100 Hurdles
2005,H,13.17,0.135,F,333,100 Hurdles
2005,H,13.65,0.138,F,333,100 Hurdles
2005,H,14.78,0.175,F,333,100 Hurdles
2005,H,15.51,0.21,F,333,100 Hurdles
2005,H,12.77,0.142,F,334,100 Hurdles
2005,H,12.85,0.162,F,334,100 Hurdles
2005,H,12.86,0.155,F,334,100 Hurdles
2005,H,12.87,0.181,F,334,100 Hurdles
2005,H,12.93,0.173,F,334,100 Hurdles
2005,H,13,0.137,F,334,100 Hurdles
2005,H,13.93,0.182,F,334,100 Hurdles
2005,H,12.64,0.143,F,335,100 Hurdles
2005,H,12.68,0.161,F,335,100 Hurdles
2005,H,12.76,0.124,F,335,100 Hurdles
2005,H,12.85,0.13,F,335,100 Hurdles
2005,H,12.96,0.135,F,335,100 Hurdles
2005,H,14.66,0.148,F,335,100 Hurdles
2005,H,12.79,0.175,F,336,100 Hurdles
2005,H,12.85,0.198,F,336,100 Hurdles
2005,H,12.86,0.129,F,336,100 Hurdles
2005,H,12.88,0.161,F,336,100 Hurdles
2005,H,12.99,0.144,F,336,100 Hurdles
2005,H,14,0.144,F,336,100 Hurdles
2005,H,DNF,0.159,F,336,100 Hurdles
2005,S,12.79,0.15,F,337,100 Hurdles
2005,S,12.8,0.144,F,337,100 Hurdles
2005,S,12.85,0.179,F,337,100 Hurdles
2005,S,12.94,0.149,F,337,100 Hurdles
2005,S,12.95,0.146,F,337,100 Hurdles
2005,S,13.02,0.154,F,337,100 Hurdles
2005,S,13.15,0.151,F,337,100 Hurdles
2005,S,DNF,0.2,F,337,100 Hurdles
2005,S,12.65,0.128,F,338,100 Hurdles
2005,S,12.76,0.182,F,338,100 Hurdles
2005,S,12.76,0.143,F,338,100 Hurdles
2005,S,12.85,0.139,F,338,100 Hurdles
2005,S,12.91,0.137,F,338,100 Hurdles
2005,S,12.99,0.147,F,338,100 Hurdles
2005,S,13.23,0.148,F,338,100 Hurdles
2005,S,13.27,0.166,F,338,100 Hurdles
2005,S,12.86,0.154,F,339,100 Hurdles
2005,S,12.95,0.152,F,339,100 Hurdles
2005,S,13.05,0.136,F,339,100 Hurdles
2005,S,13.05,0.155,F,339,100 Hurdles
2005,S,13.08,0.174,F,339,100 Hurdles
2005,S,13.11,0.15,F,339,100 Hurdles
2005,S,13.6,0.181,F,339,100 Hurdles
2005,S,13.52,0.181,F,339,100 Hurdles
2005,F,12.66,0.149,F,340,100 Hurdles
2005,F,12.76,0.138,F,340,100 Hurdles
2005,F,12.76,0.14,F,340,100 Hurdles
2005,F,12.82,0.158,F,340,100 Hurdles
2005,F,12.93,0.148,F,340,100 Hurdles
2005,F,12.95,0.174,F,340,100 Hurdles
2005,F,12.97,0.148,F,340,100 Hurdles
2005,F,D,0.14,F,340,100 Hurdles
2003,H,12.94,0.244,F,341,100 Hurdles
2003,H,12.98,0.154,F,341,100 Hurdles
2003,H,13.01,0.169,F,341,100 Hurdles
2003,H,13.03,0.173,F,341,100 Hurdles
2003,H,13.09,0.275,F,341,100 Hurdles
2003,H,13.35,0.225,F,341,100 Hurdles
2003,H,13.5,0.161,F,341,100 Hurdles
2003,H,14.29,0.159,F,342,100 Hurdles
2003,H,12.67,0.159,F,342,100 Hurdles
2003,H,12.82,0.161,F,342,100 Hurdles
2003,H,12.94,0.144,F,342,100 Hurdles
2003,H,13.15,0.12,F,342,100 Hurdles
2003,H,13.31,0.16,F,342,100 Hurdles
2003,H,13.37,0.187,F,342,100 Hurdles
2003,H,13.8,0.156,F,342,100 Hurdles
2003,H,12.74,0.177,F,343,100 Hurdles
2003,H,12.83,0.185,F,343,100 Hurdles
2003,H,12.99,0.21,F,343,100 Hurdles
2003,H,13.09,0.168,F,343,100 Hurdles
2003,H,13.16,0.171,F,343,100 Hurdles
2003,H,13.24,0.129,F,343,100 Hurdles
2003,H,13.28,0.137,F,343,100 Hurdles
2003,H,13.31,0.125,F,343,100 Hurdles
2003,H,12.7,0.152,F,344,100 Hurdles
2003,H,12.86,0.155,F,344,100 Hurdles
2003,H,12.86,0.166,F,344,100 Hurdles
2003,H,12.92,0.147,F,344,100 Hurdles
2003,H,13.12,0.152,F,344,100 Hurdles
2003,H,13.36,0.27,F,344,100 Hurdles
2003,H,13.51,0.159,F,344,100 Hurdles
2003,H,13.54,0.16,F,344,100 Hurdles
2003,H,12.76,0.131,F,345,100 Hurdles
2003,H,12.92,0.125,F,345,100 Hurdles
2003,H,12.96,0.139,F,345,100 Hurdles
2003,H,13.29,0.2,F,345,100 Hurdles
2003,H,13.33,0.153,F,345,100 Hurdles
2003,H,13.54,0.174,F,345,100 Hurdles
2003,S,12.68,0.159,F,346,100 Hurdles
2003,S,12.84,0.145,F,346,100 Hurdles
2003,S,12.87,0.139,F,346,100 Hurdles
2003,S,12.91,0.176,F,346,100 Hurdles
2003,S,12.98,0.147,F,346,100 Hurdles
2003,S,13.1,0.186,F,346,100 Hurdles
2003,S,13.34,0.208,F,346,100 Hurdles
2003,S,12.65,0.135,F,347,100 Hurdles
2003,S,12.77,0.156,F,347,100 Hurdles
2003,S,12.79,0.15,F,347,100 Hurdles
2003,S,12.81,0.146,F,347,100 Hurdles
2003,S,13.01,0.158,F,347,100 Hurdles
2003,S,13.18,0.143,F,347,100 Hurdles
2003,S,13.2,0.146,F,347,100 Hurdles
2003,S,13.27,0.134,F,347,100 Hurdles
2003,S,12.78,0.176,F,348,100 Hurdles
2003,S,12.85,0.218,F,348,100 Hurdles
2003,S,12.85,0.155,F,348,100 Hurdles
2003,S,12.89,0.134,F,348,100 Hurdles
2003,S,12.94,0.181,F,348,100 Hurdles
2003,S,12.98,0.144,F,348,100 Hurdles
2003,S,13.24,0.125,F,348,100 Hurdles
2003,S,12.89,0.2,F,348,100 Hurdles
2003,F,12.53,0.147,F,349,100 Hurdles
2003,F,12.57,0.158,F,349,100 Hurdles
2003,F,12.67,0.146,F,349,100 Hurdles
2003,F,12.75,0.16,F,349,100 Hurdles
2003,F,12.75,0.15,F,349,100 Hurdles
2003,F,12.77,0.161,F,349,100 Hurdles
2003,F,12.83,0.152,F,349,100 Hurdles
2003,F,12.87,0.151,F,349,100 Hurdles
2003,F,12.87,0.172,F,349,100 Hurdles
2001,H,12.69,0.154,F,350,100 Hurdles
2001,H,12.75,0.119,F,350,100 Hurdles
2001,H,12.87,0.14,F,350,100 Hurdles
2001,H,12.94,0.155,F,350,100 Hurdles
2001,H,13.15,0.144,F,350,100 Hurdles
2001,H,13.24,0.166,F,350,100 Hurdles
2001,H,13.3,0.132,F,350,100 Hurdles
2001,H,12.72,0.123,F,351,100 Hurdles
2001,H,12.74,0.146,F,351,100 Hurdles
2001,H,12.91,0.202,F,351,100 Hurdles
2001,H,12.94,0.126,F,351,100 Hurdles
2001,H,13,0.138,F,351,100 Hurdles
2001,H,13.27,0.162,F,351,100 Hurdles
2001,H,13.28,0.142,F,351,100 Hurdles
2001,H,12.74,0.161,F,352,100 Hurdles
2001,H,12.79,0.134,F,352,100 Hurdles
2001,H,12.88,0.155,F,352,100 Hurdles
2001,H,13.13,0.138,F,352,100 Hurdles
2001,H,13.16,0.16,F,352,100 Hurdles
2001,H,13.23,0.154,F,352,100 Hurdles
2001,H,13.38,0.178,F,352,100 Hurdles
2001,H,13.84,0.159,F,352,100 Hurdles
2001,H,12.8,0.15,F,353,100 Hurdles
2001,H,12.89,0.14,F,353,100 Hurdles
2001,H,13.03,0.171,F,353,100 Hurdles
2001,H,13.11,0.156,F,353,100 Hurdles
2001,H,13.2,0.13,F,353,100 Hurdles
2001,H,13.35,0.14,F,353,100 Hurdles
2001,H,13.48,0.203,F,353,100 Hurdles
2001,S,12.65,0.146,F,354,100 Hurdles
2001,S,12.67,0.156,F,354,100 Hurdles
2001,S,12.8,0.128,F,354,100 Hurdles
2001,S,12.87,0.139,F,354,100 Hurdles
2001,S,12.9,0.139,F,354,100 Hurdles
2001,S,12.91,0.124,F,354,100 Hurdles
2001,S,13.02,0.123,F,354,100 Hurdles
2001,S,13.17,0.157,F,354,100 Hurdles
2001,S,12.56,0.134,F,355,100 Hurdles
2001,S,12.67,0.176,F,355,100 Hurdles
2001,S,12.75,0.121,F,355,100 Hurdles
2001,S,12.77,0.135,F,355,100 Hurdles
2001,S,12.78,0.13,F,355,100 Hurdles
2001,S,12.85,0.159,F,355,100 Hurdles
2001,S,17.17,0.153,F,355,100 Hurdles
2001,S,D,0.12,F,355,100 Hurdles
2001,F,12.42,0.123,F,356,100 Hurdles
2001,F,12.54,0.136,F,356,100 Hurdles
2001,F,12.58,0.137,F,356,100 Hurdles
2001,F,12.58,0.153,F,356,100 Hurdles
2001,F,12.63,0.148,F,356,100 Hurdles
2001,F,12.79,0.131,F,356,100 Hurdles
2001,F,12.8,0.196,F,356,100 Hurdles
2001,F,13.02,0.14,F,356,100 Hurdles
2023,H,13.3,0.195,M,112,110 Hurdles
2023,H,13.33,0.136,M,112,110 Hurdles
2023,H,13.35,0.157,M,112,110 Hurdles
2023,H,13.49,0.17,M,112,110 Hurdles
2023,H,13.56,0.14,M,112,110 Hurdles
2023,H,13.68,0.166,M,112,110 Hurdles
2023,H,13.7,0.164,M,112,110 Hurdles
2023,H,13.77,0.151,M,112,110 Hurdles
2023,H,14.25,0.128,M,112,110 Hurdles
2023,H,13.31,0.156,M,113,110 Hurdles
2023,H,13.33,0.146,M,113,110 Hurdles
2023,H,13.52,0.146,M,113,110 Hurdles
2023,H,13.53,0.141,M,113,110 Hurdles
2023,H,13.61,0.156,M,113,110 Hurdles
2023,H,13.68,0.167,M,113,110 Hurdles
2023,H,13.69,0.143,M,113,110 Hurdles
2023,H,14.09,0.134,M,113,110 Hurdles
2023,H,DNF,0.137,M,113,110 Hurdles
2023,H,13.24,0.176,M,114,110 Hurdles
2023,H,13.4,0.148,M,114,110 Hurdles
2023,H,13.49,0.152,M,114,110 Hurdles
2023,H,13.5,0.152,M,114,110 Hurdles
2023,H,13.67,0.145,M,114,110 Hurdles
2023,H,13.72,0.151,M,114,110 Hurdles
2023,H,14.02,0.138,M,114,110 Hurdles
2023,H,14.39,0.17,M,114,110 Hurdles
2023,H,D,0.156,M,114,110 Hurdles
2023,H,13.18,0.153,M,115,110 Hurdles
2023,H,13.33,0.164,M,115,110 Hurdles
2023,H,13.37,0.15,M,115,110 Hurdles
2023,H,13.38,0.159,M,115,110 Hurdles
2023,H,13.39,0.14,M,115,110 Hurdles
2023,H,13.56,0.18,M,115,110 Hurdles
2023,H,13.65,0.17,M,115,110 Hurdles
2023,H,13.78,0.183,M,115,110 Hurdles
2023,H,13.92,0.133,M,115,110 Hurdles
2023,H,13.32,0.148,M,116,110 Hurdles
2023,H,13.35,0.146,M,116,110 Hurdles
2023,H,13.36,0.155,M,116,110 Hurdles
2023,H,13.42,0.138,M,116,110 Hurdles
2023,H,13.42,0.16,M,116,110 Hurdles
2023,H,13.58,0.168,M,116,110 Hurdles
2023,H,13.69,0.144,M,116,110 Hurdles
2023,H,13.9,0.174,M,116,110 Hurdles
2023,H,13.92,0.142,M,116,110 Hurdles
2023,S,13.16,0.129,M,117,110 Hurdles
2023,S,13.19,0.144,M,117,110 Hurdles
2023,S,13.31,0.165,M,117,110 Hurdles
2023,S,13.34,0.144,M,117,110 Hurdles
2023,S,13.43,0.144,M,117,110 Hurdles
2023,S,13.6,0.162,M,117,110 Hurdles
2023,S,13.97,0.162,M,117,110 Hurdles
2023,S,D,0.063,M,117,110 Hurdles
2023,S,13.02,0.137,M,118,110 Hurdles
2023,S,13.15,0.129,M,118,110 Hurdles
2023,S,13.3,0.146,M,118,110 Hurdles
2023,S,13.31,0.168,M,118,110 Hurdles
2023,S,13.33,0.137,M,118,110 Hurdles
2023,S,13.52,0.142,M,118,110 Hurdles
2023,S,13.66,0.178,M,118,110 Hurdles
2023,S,13.69,0.151,M,118,110 Hurdles
2023,S,14.93,0.173,M,118,110 Hurdles
2023,S,13.17,0.156,M,119,110 Hurdles
2023,S,13.18,0.138,M,119,110 Hurdles
2023,S,13.23,0.14,M,119,110 Hurdles
2023,S,13.25,0.163,M,119,110 Hurdles
2023,S,13.34,0.135,M,119,110 Hurdles
2023,S,13.44,0.157,M,119,110 Hurdles
2023,S,13.5,0.147,M,119,110 Hurdles
2023,S,13.52,0.16,M,119,110 Hurdles
2023,F,12.96,0.135,M,120,110 Hurdles
2023,F,13.07,0.169,M,120,110 Hurdles
2023,F,13.09,0.143,M,120,110 Hurdles
2023,F,13.16,0.14,M,120,110 Hurdles
2023,F,13.19,0.143,M,120,110 Hurdles
2023,F,13.26,0.166,M,120,110 Hurdles
2023,F,13.28,0.143,M,120,110 Hurdles
2023,F,13.32,0.158,M,120,110 Hurdles
2023,S,9.87,0.163,M,121,100 Dash
2023,S,9.97,0.152,M,121,100 Dash
2023,S,10.01,0.147,M,121,100 Dash
2023,S,10.03,0.145,M,121,100 Dash
2023,S,10.05,0.144,M,121,100 Dash
2023,S,10.07,0.143,M,121,100 Dash
2023,S,10.15,0.141,M,121,100 Dash
2023,S,10.19,0.16,M,121,100 Dash
2023,S,9.88,0.135,M,122,100 Dash
2023,S,9.93,0.124,M,122,100 Dash
2023,S,9.95,0.16,M,122,100 Dash
2023,S,10.04,0.168,M,122,100 Dash
2023,S,10.12,0.135,M,122,100 Dash
2023,S,10.13,0.168,M,122,100 Dash
2023,S,10.14,0.157,M,122,100 Dash
2023,S,DQ,0.078,M,122,100 Dash
2023,F,9.9,0.148,M,124,100 Dash
2023,F,9.98,0.171,M,124,100 Dash
2023,F,10.02,0.159,M,124,100 Dash
2023,F,10.11,0.132,M,124,100 Dash
2023,F,10.2,0.153,M,124,100 Dash
2023,F,10.2,0.138,M,124,100 Dash
2023,F,10.25,0.151,M,124,100 Dash
2023,F,10.26,0.135,M,124,100 Dash
2022,S,9.97,0.108,M,125,100 Dash
2022,S,9.97,0.121,M,125,100 Dash
2022,S,10.05,0.124,M,125,100 Dash
2022,S,10.12,0.141,M,125,100 Dash
2022,S,10.12,0.135,M,125,100 Dash
2022,S,10.16,0.129,M,125,100 Dash
2022,S,10.19,0.122,M,125,100 Dash
2022,S,10.2,0.128,M,125,100 Dash
2022,S,10.02,0.129,M,126,100 Dash
2022,S,10.05,0.118,M,126,100 Dash
2022,S,10.13,0.121,M,126,100 Dash
2022,S,10.19,0.138,M,126,100 Dash
2022,S,10.21,0.146,M,126,100 Dash
2022,S,10.23,0.13,M,126,100 Dash
2022,S,10.29,0.142,M,126,100 Dash
2022,S,10.3,0.133,M,126,100 Dash
2022,S,9.9,0.128,M,127,100 Dash
2022,S,9.93,0.123,M,127,100 Dash
2022,S,10.06,0.138,M,127,100 Dash
2022,S,10.12,0.135,M,127,100 Dash
2022,S,10.14,0.138,M,127,100 Dash
2022,S,10.15,0.141,M,127,100 Dash
2022,S,10.17,0.146,M,127,100 Dash
2022,S,DNS,,M,127,100 Dash
2022,F,9.86,0.119,M,128,100 Dash
2022,F,9.88,0.118,M,128,100 Dash
2022,F,9.88,0.11,M,128,100 Dash
2022,F,9.97,0.154,M,128,100 Dash
2022,F,10.01,0.129,M,128,100 Dash
2022,F,10.01,0.104,M,128,100 Dash
2022,F,10.06,0.147,M,128,100 Dash
2022,F,10.07,0.155,M,128,100 Dash
2019,S,9.88,0.157,M,129,100 Dash
2019,S,10.12,0.161,M,129,100 Dash
2019,S,10.13,0.159,M,129,100 Dash
2019,S,10.14,0.156,M,129,100 Dash
2019,S,10.15,0.206,M,129,100 Dash
2019,S,10.18,0.156,M,129,100 Dash
2019,S,10.2,0.18,M,129,100 Dash
2019,S,10.23,0.189,M,129,100 Dash
2019,S,10.07,0.197,M,130,100 Dash
2019,S,10.09,0.171,M,130,100 Dash
2019,S,10.09,0.198,M,130,100 Dash
2019,S,10.14,0.188,M,130,100 Dash
2019,S,10.2,0.24,M,130,100 Dash
2019,S,10.22,0.133,M,130,100 Dash
2019,S,10.28,0.185,M,130,100 Dash
2019,S,10.28,0.175,M,130,100 Dash
2019,S,10.01,0.132,M,131,100 Dash
2019,S,10.05,0.113,M,131,100 Dash
2019,S,10.11,0.217,M,131,100 Dash
2019,S,10.11,0.143,M,131,100 Dash
2019,S,10.12,0.153,M,131,100 Dash
2019,S,10.16,0.125,M,131,100 Dash
2019,S,10.16,0.184,M,131,100 Dash
2019,S,10.34,0.175,M,131,100 Dash
2019,F,9.76,0.128,M,132,100 Dash
2019,F,9.89,0.148,M,132,100 Dash
2019,F,9.9,0.14,M,132,100 Dash
2019,F,9.93,0.117,M,132,100 Dash
2019,F,9.97,0.142,M,132,100 Dash
2019,F,10.03,0.119,M,132,100 Dash
2019,F,10.07,0.158,M,132,100 Dash
2019,F,10.08,0.155,M,132,100 Dash
2017,S,10.05,0.138,M,133,100 Dash
2017,S,10.09,0.152,M,133,100 Dash
2017,S,10.12,0.166,M,133,100 Dash
2017,S,10.13,0.144,M,133,100 Dash
2017,S,10.22,0.145,M,133,100 Dash
2017,S,10.25,0.159,M,133,100 Dash
2017,S,10.28,0.162,M,133,100 Dash
2017,S,10.4,0.115,M,133,100 Dash
2017,S,10.04,0.139,M,134,100 Dash
2017,S,10.05,0.134,M,134,100 Dash
2017,S,10.1,0.16,M,134,100 Dash
2017,S,10.16,0.142,M,134,100 Dash
2017,S,10.2,0.183,M,134,100 Dash
2017,S,10.2,0.173,M,134,100 Dash
2017,S,10.28,0.175,M,134,100 Dash
2017,S,10.3,0.142,M,134,100 Dash
2017,S,9.97,0.141,M,135,100 Dash
2017,S,9.98,0.166,M,135,100 Dash
2017,S,10.09,0.136,M,135,100 Dash
2017,S,10.12,0.156,M,135,100 Dash
2017,S,10.26,0.161,M,135,100 Dash
2017,S,10.27,0.146,M,135,100 Dash
2017,S,10.36,0.155,M,135,100 Dash
2017,S,10.64,0.151,M,135,100 Dash
2017,F,9.92,0.138,M,136,100 Dash
2017,F,9.94,0.123,M,136,100 Dash
2017,F,9.95,0.183,M,136,100 Dash
2017,F,9.99,0.137,M,136,100 Dash
2017,F,10.01,0.141,M,136,100 Dash
2017,F,10.08,0.152,M,136,100 Dash
2017,F,10.17,0.145,M,136,100 Dash
2017,F,10.27,0.224,M,136,100 Dash
2015,S,9.96,0.148,M,137,100 Dash
2015,S,9.96,0.132,M,137,100 Dash
2015,S,9.99,0.138,M,137,100 Dash
2015,S,9.99,0.159,M,137,100 Dash
2015,S,10.08,0.155,M,137,100 Dash
2015,S,10.2,0.137,M,137,100 Dash
2015,S,10.21,0.156,M,137,100 Dash
2015,S,10.28,0.13,M,137,100 Dash
2015,S,9.77,0.153,M,138,100 Dash
2015,S,9.86,0.131,M,138,100 Dash
2015,S,10,0.16,M,138,100 Dash
2015,S,10.02,0.155,M,138,100 Dash
2015,S,10.05,0.147,M,138,100 Dash
2015,S,10.06,0.118,M,138,100 Dash
2015,S,10.15,0.144,M,138,100 Dash
2015,S,10.19,0.143,M,138,100 Dash
2015,S,9.96,0.117,M,139,100 Dash
2015,S,9.97,0.147,M,139,100 Dash
2015,S,9.99,0.165,M,139,100 Dash
2015,S,10.04,0.132,M,139,100 Dash
2015,S,10.09,0.124,M,139,100 Dash
2015,S,10.17,0.167,M,139,100 Dash
2015,S,10.2,0.129,M,139,100 Dash
2015,S,10.2,0.138,M,139,100 Dash
2015,F,9.79,0.159,M,140,100 Dash
2015,F,9.8,0.165,M,140,100 Dash
2015,F,9.92,0.135,M,140,100 Dash
2015,F,9.92,0.136,M,140,100 Dash
2015,F,9.94,0.139,M,140,100 Dash
2015,F,10,0.128,M,140,100 Dash
2015,F,10,0.144,M,140,100 Dash
2015,F,10,0.17,M,140,100 Dash
2015,F,10.06,0.175,M,140,100 Dash
2013,S,9.94,0.157,M,141,100 Dash
2013,S,9.97,0.152,M,141,100 Dash
2013,S,10.01,0.17,M,141,100 Dash
2013,S,10.17,0.166,M,141,100 Dash
2013,S,10.19,0.156,M,141,100 Dash
2013,S,10.21,0.151,M,141,100 Dash
2013,S,10.34,0.148,M,141,100 Dash
2013,S,DQ,-0.117,M,141,100 Dash
2013,S,9.9,0.135,M,142,100 Dash
2013,S,9.93,0.168,M,142,100 Dash
2013,S,9.97,0.166,M,142,100 Dash
2013,S,10,0.171,M,142,100 Dash
2013,S,10,0.143,M,142,100 Dash
2013,S,10.15,0.159,M,142,100 Dash
2013,S,10.15,0.161,M,142,100 Dash
2013,S,10.3,0.139,M,142,100 Dash
2013,S,9.92,0.173,M,143,100 Dash
2013,S,9.93,0.158,M,143,100 Dash
2013,S,10.08,0.154,M,143,100 Dash
2013,S,10.09,0.148,M,143,100 Dash
2013,S,10.15,0.159,M,143,100 Dash
2013,S,10.17,0.132,M,143,100 Dash
2013,S,10.31,0.189,M,143,100 Dash
2013,S,DNS,,M,143,100 Dash
2013,F,9.77,0.163,M,144,100 Dash
2013,F,9.85,0.163,M,144,100 Dash
2013,F,9.95,0.157,M,144,100 Dash
2013,F,9.98,0.186,M,144,100 Dash
2013,F,9.98,0.142,M,144,100 Dash
2013,F,10.04,0.158,M,144,100 Dash
2013,F,10.06,0.154,M,144,100 Dash
2013,F,10.21,0.177,M,144,100 Dash
2011,S,9.95,0.181,M,145,100 Dash
2011,S,10.05,0.179,M,145,100 Dash
2011,S,10.1,0.159,M,145,100 Dash
2011,S,10.14,0.153,M,145,100 Dash
2011,S,10.14,0.138,M,145,100 Dash
2011,S,10.32,0.159,M,145,100 Dash
2011,S,10.49,0.17,M,145,100 Dash
2011,S,DQ,-0.137,M,145,100 Dash
2011,S,10.05,0.164,M,146,100 Dash
2011,S,10.11,0.14,M,146,100 Dash
2011,S,10.2,0.206,M,146,100 Dash
2011,S,10.21,0.164,M,146,100 Dash
2011,S,10.21,0.21,M,146,100 Dash
2011,S,10.23,0.165,M,146,100 Dash
2011,S,10.25,0.153,M,146,100 Dash
2011,S,10.51,0.169,M,146,100 Dash
2011,S,10.08,0.161,M,147,100 Dash
2011,S,10.16,0.169,M,147,100 Dash
2011,S,10.23,0.163,M,147,100 Dash
2011,S,10.23,0.185,M,147,100 Dash
2011,S,10.27,0.163,M,147,100 Dash
2011,S,10.29,0.174,M,147,100 Dash
2011,S,10.45,0.165,M,147,100 Dash
2011,S,10.47,0.142,M,147,100 Dash
2011,F,9.92,0.174,M,148,100 Dash
2011,F,10.08,0.175,M,148,100 Dash
2011,F,10.09,0.155,M,148,100 Dash
2011,F,10.19,0.179,M,148,100 Dash
2011,F,10.26,0.165,M,148,100 Dash
2011,F,10.27,0.162,M,148,100 Dash
2011,F,10.95,0.154,M,148,100 Dash
2011,F,DQ,-0.104,M,148,100 Dash
2009,S,9.89,0.135,M,149,100 Dash
2009,S,9.96,0.135,M,149,100 Dash
2009,S,9.98,0.152,M,149,100 Dash
2009,S,10.01,0.159,M,149,100 Dash
2009,S,10.04,0.154,M,149,100 Dash
2009,S,10.18,0.138,M,149,100 Dash
2009,S,10.2,0.143,M,149,100 Dash
2009,S,DQ,0,M,149,100 Dash
2009,S,9.93,0.143,M,150,100 Dash
2009,S,9.95,0.133,M,150,100 Dash
2009,S,9.98,0.132,M,150,100 Dash
2009,S,10.04,0.182,M,150,100 Dash
2009,S,10.14,0.153,M,150,100 Dash
2009,S,10.14,0.146,M,150,100 Dash
2009,S,10.19,0.143,M,150,100 Dash
2009,S,10.25,0.152,M,150,100 Dash
2009,F,9.58,0.146,M,151,100 Dash
2009,F,9.71,0.144,M,151,100 Dash
2009,F,9.84,0.134,M,151,100 Dash
2009,F,9.93,0.129,M,151,100 Dash
2009,F,9.93,0.119,M,151,100 Dash
2009,F,10,0.123,M,151,100 Dash
2009,F,10,0.165,M,151,100 Dash
2009,F,10.34,0.149,M,151,100 Dash
2007,S,10.04,0.166,M,152,100 Dash
2007,S,10.08,0.156,M,152,100 Dash
2007,S,10.17,0.173,M,152,100 Dash
2007,S,10.21,0.16,M,152,100 Dash
2007,S,10.21,0.16,M,152,100 Dash
2007,S,10.29,0.153,M,152,100 Dash
2007,S,10.29,0.16,M,152,100 Dash
2007,S,10.36,0.161,M,152,100 Dash
2007,S,10,0.17,M,153,100 Dash
2007,S,10.12,0.154,M,153,100 Dash
2007,S,10.15,0.182,M,153,100 Dash
2007,S,10.18,0.14,M,153,100 Dash
2007,S,10.19,0.15,M,153,100 Dash
2007,S,10.2,0.151,M,153,100 Dash
2007,S,10.28,0.158,M,153,100 Dash
2007,S,10.28,0.166,M,153,100 Dash
2007,F,9.85,0.143,M,154,100 Dash
2007,F,9.91,0.137,M,154,100 Dash
2007,F,9.96,0.145,M,154,100 Dash
2007,F,10.07,0.13,M,154,100 Dash
2007,F,10.08,0.18,M,154,100 Dash
2007,F,10.14,0.149,M,154,100 Dash
2007,F,10.23,0.172,M,154,100 Dash
2007,F,10.29,0.166,M,154,100 Dash
2005,S,10.08,0.132,M,155,100 Dash
2005,S,10.09,0.119,M,155,100 Dash
2005,S,10.12,0.159,M,155,100 Dash
2005,S,10.13,0.154,M,155,100 Dash
2005,S,10.18,0.138,M,155,100 Dash
2005,S,10.24,0.13,M,155,100 Dash
2005,S,10.27,0.16,M,155,100 Dash
2005,S,10.28,0.157,M,155,100 Dash
2005,S,9.99,0.141,M,156,100 Dash
2005,S,10,0.154,M,156,100 Dash
2005,S,10.06,0.147,M,156,100 Dash
2005,S,10.07,0.146,M,156,100 Dash
2005,S,10.08,0.125,M,156,100 Dash
2005,S,10.16,0.152,M,156,100 Dash
2005,S,10.16,0.138,M,156,100 Dash
2005,S,10.17,0.144,M,156,100 Dash
2005,F,9.88,0.157,M,157,100 Dash
2005,F,10.05,0.141,M,157,100 Dash
2005,F,10.05,0.146,M,157,100 Dash
2005,F,10.07,0.134,M,157,100 Dash
2005,F,10.09,0.138,M,157,100 Dash
2005,F,10.13,0.123,M,157,100 Dash
2005,F,10.14,0.165,M,157,100 Dash
2005,F,10.2,0.131,M,157,100 Dash
2003,S,10.11,0.142,M,158,100 Dash
2003,S,10.15,0.172,M,158,100 Dash
2003,S,10.16,0.227,M,158,100 Dash
2003,S,10.27,0.116,M,158,100 Dash
2003,S,10.39,0.168,M,158,100 Dash
2003,S,10.42,0.204,M,158,100 Dash
2003,S,10.44,0.172,M,158,100 Dash
2003,S,DQ,0.197,M,158,100 Dash
2003,S,10.11,0.154,M,159,100 Dash
2003,S,10.12,0.158,M,159,100 Dash
2003,S,10.14,0.152,M,159,100 Dash
2003,S,10.19,0.156,M,159,100 Dash
2003,S,10.22,0.157,M,159,100 Dash
2003,S,10.25,0.168,M,159,100 Dash
2003,S,10.37,0.129,M,159,100 Dash
2003,S,10.41,0.23,M,159,100 Dash
2003,S,DQ,0.147,M,159,100 Dash
2003,F,10.07,0.148,M,160,100 Dash
2003,F,10.08,0.152,M,160,100 Dash
2003,F,10.08,0.112,M,160,100 Dash
2003,F,10.13,0.133,M,160,100 Dash
2003,F,10.21,0.132,M,160,100 Dash
2003,F,10.22,0.164,M,160,100 Dash
2003,F,DQ,0.145,M,160,100 Dash
2003,F,DQ,0.14,M,160,100 Dash
2001,S,10.01,0.148,M,161,100 Dash
2001,S,10.12,0.123,M,161,100 Dash
2001,S,10.12,0.141,M,161,100 Dash
2001,S,10.17,0.15,M,161,100 Dash
2001,S,10.26,0.141,M,161,100 Dash
2001,S,10.33,0.164,M,161,100 Dash
2001,S,10.33,0.125,M,161,100 Dash
2001,S,10.47,0.134,M,161,100 Dash
2001,S,10.06,0.135,M,162,100 Dash
2001,S,10.1,0.138,M,162,100 Dash
2001,S,10.24,0.158,M,162,100 Dash
2001,S,10.29,0.142,M,162,100 Dash
2001,S,10.31,0.167,M,162,100 Dash
2001,S,10.32,0.14,M,162,100 Dash
2001,S,11.39,0.13,M,162,100 Dash
2001,S,DQ,0.152,M,162,100 Dash
2001,F,9.82,0.132,M,163,100 Dash
2001,F,9.94,0.146,M,163,100 Dash
2001,F,9.98,0.148,M,163,100 Dash
2001,F,9.99,0.16,M,163,100 Dash
2001,F,10.07,0.162,M,163,100 Dash
2001,F,10.11,0.142,M,163,100 Dash
2001,F,10.24,0.148,M,163,100 Dash
2001,F,DQ,0.157,M,163,100 Dash
1999,S,9.96,0.163,M,164,100 Dash
1999,S,10.09,0.124,M,164,100 Dash
1999,S,10.14,0.158,M,164,100 Dash
1999,S,10.14,0.169,M,164,100 Dash
1999,S,10.15,0.143,M,164,100 Dash
1999,S,DQ,0,M,164,100 Dash
1999,S,DNS,0,M,164,100 Dash
1999,S,DNS,0,M,164,100 Dash
1999,S,9.96,0.101,M,165,100 Dash
1999,S,10.05,0.147,M,165,100 Dash
1999,S,10.07,0.143,M,165,100 Dash
1999,S,10.1,0.137,M,165,100 Dash
1999,S,10.13,0.122,M,165,100 Dash
1999,S,10.16,0.139,M,165,100 Dash
1999,S,10.47,0.143,M,165,100 Dash
1999,S,DQ,0.117,M,165,100 Dash
1999,F,9.8,0.132,M,166,100 Dash
1999,F,9.84,0.127,M,166,100 Dash
1999,F,9.97,0.14,M,166,100 Dash
1999,F,10,0.145,M,166,100 Dash
1999,F,10.02,0.136,M,166,100 Dash
1999,F,10.04,0.136,M,166,100 Dash
1999,F,10.07,0.142,M,166,100 Dash
1999,F,10.24,0.173,M,166,100 Dash
2023,S,19.76,0.152,M,167,200 Dash
2023,S,20.02,0.142,M,167,200 Dash
2023,S,20.26,0.151,M,167,200 Dash
2023,S,20.27,0.148,M,167,200 Dash
2023,S,20.38,0.138,M,167,200 Dash
2023,S,20.44,0.151,M,167,200 Dash
2023,S,20.54,0.148,M,167,200 Dash
2023,S,20.71,0.137,M,167,200 Dash
2023,S,19.96,0.174,M,168,200 Dash
2023,S,19.97,0.174,M,168,200 Dash
2023,S,20.22,0.18,M,168,200 Dash
2023,S,20.28,0.162,M,168,200 Dash
2023,S,20.43,0.174,M,168,200 Dash
2023,S,20.65,0.14,M,168,200 Dash
2023,S,20.75,0.127,M,168,200 Dash
2023,S,DQ,0.145,M,168,200 Dash
2023,S,19.98,0.151,M,169,200 Dash
2023,S,20.02,0.151,M,169,200 Dash
2023,S,20.1,0.152,M,169,200 Dash
2023,S,20.21,0.18,M,169,200 Dash
2023,S,20.33,0.15,M,169,200 Dash
2023,S,20.49,0.154,M,169,200 Dash
2023,S,20.65,0.147,M,169,200 Dash
2023,S,20.67,0.161,M,169,200 Dash
2023,F,19.52,0.144,M,170,200 Dash
2023,F,19.75,0.138,M,170,200 Dash
2023,F,19.81,0.141,M,170,200 Dash
2023,F,20.02,0.142,M,170,200 Dash
2023,F,20.07,0.163,M,170,200 Dash
2023,F,20.14,0.17,M,170,200 Dash
2023,F,20.23,0.145,M,170,200 Dash
2023,F,20.4,0.147,M,170,200 Dash
2023,F,20.57,0.163,M,170,200 Dash
2022,S,19.91,0.128,M,171,200 Dash
2022,S,19.92,0.144,M,171,200 Dash
2022,S,20.29,0.139,M,171,200 Dash
2022,S,20.3,0.135,M,171,200 Dash
2022,S,20.47,0.146,M,171,200 Dash
2022,S,20.68,0.123,M,171,200 Dash
2022,S,20.77,0.129,M,171,200 Dash
2022,S,DNS,,M,171,200 Dash
2022,S,19.62,0.135,M,172,200 Dash
2022,S,19.84,0.156,M,172,200 Dash
2022,S,19.86,0.122,M,172,200 Dash
2022,S,20.09,0.124,M,172,200 Dash
2022,S,20.35,0.181,M,172,200 Dash
2022,S,20.39,0.122,M,172,200 Dash
2022,S,20.52,0.146,M,172,200 Dash
2022,S,20.65,0.165,M,172,200 Dash
2022,S,19.77,0.147,M,173,200 Dash
2022,S,20.1,0.152,M,173,200 Dash
2022,S,20.1,0.146,M,173,200 Dash
2022,S,20.21,0.116,M,173,200 Dash
2022,S,20.41,0.148,M,173,200 Dash
2022,S,20.48,0.129,M,173,200 Dash
2022,S,20.72,0.127,M,173,200 Dash
2022,S,20.87,0.131,M,173,200 Dash
2022,F,19.31,0.141,M,174,200 Dash
2022,F,19.77,0.143,M,174,200 Dash
2022,F,19.8,0.153,M,174,200 Dash
2022,F,19.84,0.151,M,174,200 Dash
2022,F,19.93,0.127,M,174,200 Dash
2022,F,20.08,0.124,M,174,200 Dash
2022,F,20.18,0.143,M,174,200 Dash
2022,F,20.47,0.118,M,174,200 Dash
2019,S,20.03,0.15,M,175,200 Dash
2019,S,20.16,0.168,M,175,200 Dash
2019,S,20.2,0.162,M,175,200 Dash
2019,S,20.28,0.149,M,175,200 Dash
2019,S,20.54,0.161,M,175,200 Dash
2019,S,20.55,0.164,M,175,200 Dash
2019,S,20.55,0.155,M,175,200 Dash
2019,S,DNS,,M,175,200 Dash
2019,S,19.86,0.208,M,176,200 Dash
2019,S,19.95,0.184,M,176,200 Dash
2019,S,20.03,0.185,M,176,200 Dash
2019,S,20.28,0.165,M,176,200 Dash
2019,S,20.34,0.163,M,176,200 Dash
2019,S,20.61,0.153,M,176,200 Dash
2019,S,20.73,0.154,M,176,200 Dash
2019,S,DNS,,M,176,200 Dash
2019,S,20.08,0.147,M,177,200 Dash
2019,S,20.24,0.183,M,177,200 Dash
2019,S,20.3,0.152,M,177,200 Dash
2019,S,20.34,0.153,M,177,200 Dash
2019,S,20.34,0.152,M,177,200 Dash
2019,S,20.37,0.156,M,177,200 Dash
2019,S,20.61,0.137,M,177,200 Dash
2019,S,20.84,0.137,M,177,200 Dash
2019,F,19.83,0.168,M,178,200 Dash
2019,F,19.95,0.168,M,178,200 Dash
2019,F,19.98,0.189,M,178,200 Dash
2019,F,20.03,0.158,M,178,200 Dash
2019,F,20.07,0.164,M,178,200 Dash
2019,F,20.1,0.163,M,178,200 Dash
2019,F,20.14,0.161,M,178,200 Dash
2019,F,20.39,0.17,M,178,200 Dash
2017,S,20.12,0.158,M,179,200 Dash
2017,S,20.14,0.187,M,179,200 Dash
2017,S,20.19,0.168,M,179,200 Dash
2017,S,20.56,0.158,M,179,200 Dash
2017,S,20.62,0.164,M,179,200 Dash
2017,S,20.62,0.169,M,179,200 Dash
2017,S,20.62,0.183,M,179,200 Dash
2017,S,20.65,0.176,M,179,200 Dash
2017,S,20.69,0.17,M,179,200 Dash
2017,S,20.14,0.158,M,180,200 Dash
2017,S,20.43,0.193,M,180,200 Dash
2017,S,20.52,0.165,M,180,200 Dash
2017,S,20.54,0.154,M,180,200 Dash
2017,S,20.59,0.158,M,180,200 Dash
2017,S,20.61,0.165,M,180,200 Dash
2017,S,20.85,0.118,M,180,200 Dash
2017,S,21.22,0.125,M,180,200 Dash
2017,S,20.17,0.167,M,181,200 Dash
2017,S,20.22,0.148,M,181,200 Dash
2017,S,20.28,0.158,M,181,200 Dash
2017,S,20.3,0.141,M,181,200 Dash
2017,S,20.38,0.156,M,181,200 Dash
2017,S,20.73,0.156,M,181,200 Dash
2017,S,20.74,0.176,M,181,200 Dash
2017,S,20.8,0.174,M,181,200 Dash
2017,F,20.09,0.165,M,182,200 Dash
2017,F,20.11,0.156,M,182,200 Dash
2017,F,20.11,0.149,M,182,200 Dash
2017,F,20.24,0.147,M,182,200 Dash
2017,F,20.26,0.148,M,182,200 Dash
2017,F,20.44,0.17,M,182,200 Dash
2017,F,20.63,0.162,M,182,200 Dash
2017,F,20.64,0.148,M,182,200 Dash
2015,S,20.14,0.147,M,183,200 Dash
2015,S,20.19,0.134,M,183,200 Dash
2015,S,20.2,0.154,M,183,200 Dash
2015,S,20.22,0.148,M,183,200 Dash
2015,S,20.34,0.169,M,183,200 Dash
2015,S,20.37,0.167,M,183,200 Dash
2015,S,20.43,0.169,M,183,200 Dash
2015,S,20.46,0.187,M,183,200 Dash
2015,S,19.87,0.147,M,184,200 Dash
2015,S,20.02,0.164,M,184,200 Dash
2015,S,20.05,0.143,M,184,200 Dash
2015,S,20.31,0.151,M,184,200 Dash
2015,S,20.47,0.182,M,184,200 Dash
2015,S,20.53,0.159,M,184,200 Dash
2015,S,20.56,0.146,M,184,200 Dash
2015,S,20.57,0.17,M,184,200 Dash
2015,S,19.95,0.171,M,185,200 Dash
2015,S,20.01,0.165,M,185,200 Dash
2015,S,20.1,0.18,M,185,200 Dash
2015,S,20.14,0.19,M,185,200 Dash
2015,S,20.23,0.173,M,185,200 Dash
2015,S,20.27,0.15,M,185,200 Dash
2015,S,20.34,0.164,M,185,200 Dash
2015,S,20.64,0.201,M,185,200 Dash
2015,F,19.55,0.147,M,186,200 Dash
2015,F,19.74,0.161,M,186,200 Dash
2015,F,19.87,0.154,M,186,200 Dash
2015,F,19.87,0.17,M,186,200 Dash
2015,F,20.02,0.119,M,186,200 Dash
2015,F,20.11,0.18,M,186,200 Dash
2015,F,20.27,0.198,M,186,200 Dash
2015,F,20.33,0.132,M,186,200 Dash
2013,S,19.97,0.152,M,187,200 Dash
2013,S,20.2,0.213,M,187,200 Dash
2013,S,20.33,0.133,M,187,200 Dash
2013,S,20.51,0.172,M,187,200 Dash
2013,S,20.55,0.147,M,187,200 Dash
2013,S,20.55,0.24,M,187,200 Dash
2013,S,20.61,0.192,M,187,200 Dash
2013,S,21.14,0.176,M,187,200 Dash
2013,S,20.12,0.195,M,188,200 Dash
2013,S,20.13,0.148,M,188,200 Dash
2013,S,20.36,0.179,M,188,200 Dash
2013,S,20.44,0.135,M,188,200 Dash
2013,S,20.46,0.19,M,188,200 Dash
2013,S,20.47,0.133,M,188,200 Dash
2013,S,20.61,0.162,M,188,200 Dash
2013,S,20.66,0.154,M,188,200 Dash
2013,S,19.98,0.149,M,189,200 Dash
2013,S,20,0.14,M,189,200 Dash
2013,S,20.13,0.146,M,189,200 Dash
2013,S,20.42,0.141,M,189,200 Dash
2013,S,20.56,0.151,M,189,200 Dash
2013,S,20.66,0.139,M,189,200 Dash
2013,S,20.67,0.212,M,189,200 Dash
2013,S,20.68,0.155,M,189,200 Dash
2013,F,19.66,0.177,M,190,200 Dash
2013,F,19.79,0.176,M,190,200 Dash
2013,F,20.04,0.147,M,190,200 Dash
2013,F,20.05,0.145,M,190,200 Dash
2013,F,20.08,0.151,M,190,200 Dash
2013,F,20.14,0.172,M,190,200 Dash
2013,F,20.35,0.138,M,190,200 Dash
2013,F,20.37,0.145,M,190,200 Dash
2011,S,20.17,0.173,M,191,200 Dash
2011,S,20.32,0.157,M,191,200 Dash
2011,S,20.58,0.178,M,191,200 Dash
2011,S,20.64,0.199,M,191,200 Dash
2011,S,20.87,0.192,M,191,200 Dash
2011,S,DQ,,M,191,200 Dash
2011,S,DNF,0.184,M,191,200 Dash
2011,S,DNS,,M,191,200 Dash
2011,S,20.31,0.207,M,192,200 Dash
2011,S,20.5,0.143,M,192,200 Dash
2011,S,20.54,0.167,M,192,200 Dash
2011,S,20.56,0.137,M,192,200 Dash
2011,S,20.72,0.17,M,192,200 Dash
2011,S,21.17,0.146,M,192,200 Dash
2011,S,21.18,0.176,M,192,200 Dash
2011,S,DNS,,M,192,200 Dash
2011,S,20.37,0.16,M,193,200 Dash
2011,S,20.52,0.207,M,193,200 Dash
2011,S,20.63,0.178,M,193,200 Dash
2011,S,20.75,0.18,M,193,200 Dash
2011,S,20.88,0.152,M,193,200 Dash
2011,S,20.9,0.201,M,193,200 Dash
2011,S,21.03,0.135,M,193,200 Dash
2011,S,21.15,0.22,M,193,200 Dash
2011,F,19.4,0.193,M,194,200 Dash
2011,F,19.7,0.161,M,194,200 Dash
2011,F,19.8,0.16,M,194,200 Dash
2011,F,19.95,0.164,M,194,200 Dash
2011,F,20.29,0.136,M,194,200 Dash
2011,F,20.31,0.158,M,194,200 Dash
2011,F,20.34,0.122,M,194,200 Dash
2011,F,DNF,0.188,M,194,200 Dash
2009,S,20.08,0.177,M,195,200 Dash
2009,S,20.22,0.164,M,195,200 Dash
2009,S,20.35,0.14,M,195,200 Dash
2009,S,20.45,0.147,M,195,200 Dash
2009,S,20.52,0.157,M,195,200 Dash
2009,S,20.63,0.128,M,195,200 Dash
2009,S,20.67,0.191,M,195,200 Dash
2009,S,20.79,0.138,M,195,200 Dash
2009,S,20.14,0.164,M,196,200 Dash
2009,S,20.26,0.156,M,196,200 Dash
2009,S,20.27,0.163,M,196,200 Dash
2009,S,20.28,0.154,M,196,200 Dash
2009,S,20.43,0.155,M,196,200 Dash
2009,S,20.48,0.166,M,196,200 Dash
2009,S,20.62,0.154,M,196,200 Dash
2009,S,20.7,0.145,M,196,200 Dash
2009,F,19.19,0.133,M,197,200 Dash
2009,F,19.81,0.179,M,197,200 Dash
2009,F,19.85,0.152,M,197,200 Dash
2009,F,19.89,0.148,M,197,200 Dash
2009,F,19.98,0.146,M,197,200 Dash
2009,F,20.39,0.158,M,197,200 Dash
2009,F,20.61,0.165,M,197,200 Dash
2009,F,20.68,0.161,M,197,200 Dash
2007,S,20.03,0.169,M,198,200 Dash
2007,S,20.05,0.133,M,198,200 Dash
2007,S,20.18,0.165,M,198,200 Dash
2007,S,20.2,0.14,M,198,200 Dash
2007,S,20.4,0.167,M,198,200 Dash
2007,S,20.45,0.125,M,198,200 Dash
2007,S,20.54,0.151,M,198,200 Dash
2007,S,20.68,0.142,M,198,200 Dash
2007,S,20,0.157,M,199,200 Dash
2007,S,20.06,0.163,M,199,200 Dash
2007,S,20.24,0.143,M,199,200 Dash
2007,S,20.33,0.151,M,199,200 Dash
2007,S,20.36,0.139,M,199,200 Dash
2007,S,20.5,0.154,M,199,200 Dash
2007,S,20.53,0.152,M,199,200 Dash
2007,S,20.73,0.151,M,199,200 Dash
2007,F,19.76,0.143,M,200,200 Dash
2007,F,19.91,0.159,M,200,200 Dash
2007,F,20.05,0.144,M,200,200 Dash
2007,F,20.06,0.186,M,200,200 Dash
2007,F,20.28,0.144,M,200,200 Dash
2007,F,20.28,0.171,M,200,200 Dash
2007,F,20.57,0.154,M,200,200 Dash
2007,F,20.75,0.143,M,200,200 Dash
2005,S,20.45,0.145,M,201,200 Dash
2005,S,20.49,0.172,M,201,200 Dash
2005,S,20.63,0.14,M,201,200 Dash
2005,S,20.68,0.17,M,201,200 Dash
2005,S,20.75,0.144,M,201,200 Dash
2005,S,20.98,0.193,M,201,200 Dash
2005,S,21.09,0.157,M,201,200 Dash
2005,S,20.27,0.152,M,202,200 Dash
2005,S,20.47,0.179,M,202,200 Dash
2005,S,20.54,0.172,M,202,200 Dash
2005,S,20.65,0.144,M,202,200 Dash
2005,S,20.72,0.141,M,202,200 Dash
2005,S,20.84,0.149,M,202,200 Dash
2005,S,20.93,0.136,M,202,200 Dash
2005,S,20.99,0.156,M,202,200 Dash
2005,F,20.04,0.172,M,203,200 Dash
2005,F,20.2,0.161,M,203,200 Dash
2005,F,20.31,0.124,M,203,200 Dash
2005,F,20.34,0.161,M,203,200 Dash
2005,F,20.41,0.173,M,203,200 Dash
2005,F,20.58,0.156,M,203,200 Dash
2005,F,20.81,0.138,M,203,200 Dash
2005,F,26.27,0.174,M,203,200 Dash
2003,S,20.03,0.157,M,204,200 Dash
2003,S,20.11,0.198,M,204,200 Dash
2003,S,20.29,0.143,M,204,200 Dash
2003,S,20.36,0.188,M,204,200 Dash
2003,S,20.43,0.196,M,204,200 Dash
2003,S,20.48,0.155,M,204,200 Dash
2003,S,20.7,0.188,M,204,200 Dash
2003,S,20.71,0.177,M,204,200 Dash
2003,S,20.18,0.183,M,205,200 Dash
2003,S,20.22,0.169,M,205,200 Dash
2003,S,20.34,0.152,M,205,200 Dash
2003,S,20.44,0.166,M,205,200 Dash
2003,S,20.45,0.185,M,205,200 Dash
2003,S,20.59,0.17,M,205,200 Dash
2003,S,20.59,0.219,M,205,200 Dash
2003,S,20.66,0.164,M,205,200 Dash
2003,F,20.3,0.161,M,206,200 Dash
2003,F,20.31,0.156,M,206,200 Dash
2003,F,20.38,0.176,M,206,200 Dash
2003,F,20.39,0.151,M,206,200 Dash
2003,F,20.41,0.129,M,206,200 Dash
2003,F,20.47,0.166,M,206,200 Dash
2003,F,20.47,0.158,M,206,200 Dash
2003,F,20.62,0.184,M,206,200 Dash
2001,S,20.08,0.155,M,207,200 Dash
2001,S,20.13,0.147,M,207,200 Dash
2001,S,20.15,0.195,M,207,200 Dash
2001,S,20.26,0.157,M,207,200 Dash
2001,S,20.48,0.134,M,207,200 Dash
2001,S,20.56,0.152,M,207,200 Dash
2001,S,20.65,0.143,M,207,200 Dash
2001,S,20.66,0.16,M,207,200 Dash
2001,S,20.03,0.155,M,208,200 Dash
2001,S,20.11,0.165,M,208,200 Dash
2001,S,20.21,0.164,M,208,200 Dash
2001,S,20.29,0.132,M,208,200 Dash
2001,S,20.38,0.146,M,208,200 Dash
2001,S,20.39,0.143,M,208,200 Dash
2001,S,20.4,0.169,M,208,200 Dash
2001,S,20.64,0.162,M,208,200 Dash
2001,F,20.04,0.163,M,209,200 Dash
2001,F,20.2,0.143,M,209,200 Dash
2001,F,20.2,0.136,M,209,200 Dash
2001,F,20.2,0.161,M,209,200 Dash
2001,F,20.22,0.157,M,209,200 Dash
2001,F,20.24,0.179,M,209,200 Dash
2001,F,20.25,0.134,M,209,200 Dash
2001,F,20.38,0.133,M,209,200 Dash
1999,S,20.1,0.164,M,210,200 Dash
1999,S,20.13,0.189,M,210,200 Dash
1999,S,20.28,0.14,M,210,200 Dash
1999,S,20.36,0.177,M,210,200 Dash
1999,S,20.48,0.185,M,210,200 Dash
1999,S,20.51,0.155,M,210,200 Dash
1999,S,20.72,0.149,M,210,200 Dash
1999,S,21.89,0.145,M,210,200 Dash
1999,S,19.84,0.164,M,211,200 Dash
1999,S,19.98,0.13,M,211,200 Dash
1999,S,20.1,0.15,M,211,200 Dash
1999,S,20.1,0.17,M,211,200 Dash
1999,S,20.25,0.145,M,211,200 Dash
1999,S,20.38,0.16,M,211,200 Dash
1999,S,20.72,0.145,M,211,200 Dash
1999,F,19.9,0.144,M,212,200 Dash
1999,F,20,0.138,M,212,200 Dash
1999,F,20.11,0.174,M,212,200 Dash
1999,F,20.23,0.134,M,212,200 Dash
1999,F,20.3,0.131,M,212,200 Dash
1999,F,20.37,0.159,M,212,200 Dash
1999,F,20.48,0.131,M,212,200 Dash
2023,S,10.89,0.16,F,213,100 Dash
2023,S,10.98,0.148,F,213,100 Dash
2023,S,11.01,0.153,F,213,100 Dash
2023,S,11.03,0.143,F,213,100 Dash
2023,S,11.18,0.196,F,213,100 Dash
2023,S,11.18,0.165,F,213,100 Dash
2023,S,11.19,0.165,F,213,100 Dash
2023,S,11.26,0.188,F,213,100 Dash
2023,S,10.79,0.183,F,214,100 Dash
2023,S,10.79,0.163,F,214,100 Dash
2023,S,10.84,0.222,F,214,100 Dash
2023,S,11.02,0.153,F,214,100 Dash
2023,S,11.04,0.12,F,214,100 Dash
2023,S,11.12,0.131,F,214,100 Dash
2023,S,11.25,0.182,F,214,100 Dash
2023,S,11.26,0.157,F,214,100 Dash
2023,S,10.92,0.202,F,215,100 Dash
2023,S,10.97,0.232,F,215,100 Dash
2023,S,11.01,0.135,F,215,100 Dash
2023,S,11.03,0.17,F,215,100 Dash
2023,S,11.17,0.165,F,215,100 Dash
2023,S,11.19,0.142,F,215,100 Dash
2023,S,11.2,0.166,F,215,100 Dash
2023,S,11.28,0.143,F,215,100 Dash
2023,F,10.65,0.156,F,216,100 Dash
2023,F,10.72,0.166,F,216,100 Dash
2023,F,10.77,0.153,F,216,100 Dash
2023,F,10.81,0.147,F,216,100 Dash
2023,F,10.93,0.153,F,216,100 Dash
2023,F,10.97,0.151,F,216,100 Dash
2023,F,10.97,0.188,F,216,100 Dash
2023,F,11,0.146,F,216,100 Dash
2023,F,11.03,0.142,F,216,100 Dash
2022,S,10.84,0.128,F,217,100 Dash
2022,S,10.89,0.143,F,217,100 Dash
2022,S,11.04,0.15,F,217,100 Dash
2022,S,11.16,0.139,F,217,100 Dash
2022,S,11.21,0.194,F,217,100 Dash
2022,S,11.25,0.159,F,217,100 Dash
2022,S,11.25,0.123,F,217,100 Dash
2022,S,DQ,0.095,F,217,100 Dash
2022,S,10.82,0.128,F,218,100 Dash
2022,S,10.87,0.159,F,218,100 Dash
2022,S,10.92,0.14,F,218,100 Dash
2022,S,10.96,0.131,F,218,100 Dash
2022,S,10.98,0.119,F,218,100 Dash
2022,S,11.08,0.126,F,218,100 Dash
2022,S,11.13,0.132,F,218,100 Dash
2022,S,11.56,0.158,F,218,100 Dash
2022,S,10.93,0.153,F,217,100 Dash
2022,S,10.95,0.16,F,217,100 Dash
2022,S,10.97,0.157,F,217,100 Dash
2022,S,11.08,0.182,F,217,100 Dash
2022,S,11.13,0.151,F,217,100 Dash
2022,S,11.24,0.12,F,217,100 Dash
2022,S,11.28,0.163,F,217,100 Dash
2022,S,DQ,0.093,F,217,100 Dash
2022,F,10.67,0.137,F,218,100 Dash
2022,F,10.73,0.134,F,218,100 Dash
2022,F,10.81,0.149,F,218,100 Dash
2022,F,10.83,0.116,F,218,100 Dash
2022,F,10.91,0.122,F,218,100 Dash
2022,F,10.92,0.145,F,218,100 Dash
2022,F,10.93,0.15,F,218,100 Dash
2022,F,11.03,0.136,F,218,100 Dash
2019,S,10.87,0.156,F,219,100 Dash
2019,S,11,0.145,F,219,100 Dash
2019,S,11.1,0.131,F,219,100 Dash
2019,S,11.18,0.15,F,219,100 Dash
2019,S,11.2,0.145,F,219,100 Dash
2019,S,11.24,0.135,F,219,100 Dash
2019,S,11.28,0.143,F,219,100 Dash
2019,S,11.3,0.209,F,219,100 Dash
2019,S,10.87,0.145,F,220,100 Dash
2019,S,11.06,0.14,F,220,100 Dash
2019,S,11.1,0.132,F,220,100 Dash
2019,S,11.17,0.151,F,220,100 Dash
2019,S,11.2,0.155,F,220,100 Dash
2019,S,11.27,0.142,F,220,100 Dash
2019,S,11.29,0.15,F,220,100 Dash
2019,S,DNF,0.145,F,220,100 Dash
2019,S,10.81,0.133,F,221,100 Dash
2019,S,11.05,0.165,F,221,100 Dash
2019,S,11.07,0.119,F,221,100 Dash
2019,S,11.19,0.176,F,221,100 Dash
2019,S,11.29,0.155,F,221,100 Dash
2019,S,11.31,0.135,F,221,100 Dash
2019,S,11.35,0.152,F,221,100 Dash
2019,S,DNS,,F,221,100 Dash
2019,F,10.71,0.134,F,222,100 Dash
2019,F,10.83,0.129,F,222,100 Dash
2019,F,10.9,0.171,F,222,100 Dash
2019,F,10.93,0.143,F,222,100 Dash
2019,F,11.02,0.142,F,222,100 Dash
2019,F,11.06,0.117,F,222,100 Dash
2019,F,11.19,0.156,F,222,100 Dash
2019,F,DNS,,F,222,100 Dash
2017,S,10.87,0.199,F,223,100 Dash
2017,S,10.98,0.15,F,223,100 Dash
2017,S,11.07,0.141,F,223,100 Dash
2017,S,11.16,0.14,F,223,100 Dash
2017,S,11.19,0.214,F,223,100 Dash
2017,S,11.23,0.143,F,223,100 Dash
2017,S,11.25,0.149,F,223,100 Dash
2017,S,11.32,0.174,F,223,100 Dash
2017,S,10.84,0.183,F,224,100 Dash
2017,S,10.91,0.16,F,224,100 Dash
2017,S,11.11,0.134,F,224,100 Dash
2017,S,11.14,0.162,F,224,100 Dash
2017,S,11.24,0.136,F,224,100 Dash
2017,S,11.26,0.143,F,224,100 Dash
2017,S,11.29,0.197,F,224,100 Dash
2017,S,11.35,0.152,F,224,100 Dash
2017,S,10.91,0.17,F,225,100 Dash
2017,S,10.99,0.157,F,225,100 Dash
2017,S,11.04,0.136,F,225,100 Dash
2017,S,11.08,0.148,F,225,100 Dash
2017,S,11.15,0.159,F,225,100 Dash
2017,S,11.16,0.217,F,225,100 Dash
2017,S,11.19,0.116,F,225,100 Dash
2017,S,11.31,0.104,F,225,100 Dash
2017,F,10.85,0.182,F,226,100 Dash
2017,F,10.86,0.18,F,226,100 Dash
2017,F,10.96,0.155,F,226,100 Dash
2017,F,10.98,0.184,F,226,100 Dash
2017,F,10.98,0.2,F,226,100 Dash
2017,F,11.01,0.151,F,226,100 Dash
2017,F,11.06,0.15,F,226,100 Dash
2017,F,11.09,0.142,F,226,100 Dash
2015,S,10.82,0.151,F,227,100 Dash
2015,S,10.89,0.147,F,227,100 Dash
2015,S,11.04,0.159,F,227,100 Dash
2015,S,11.06,0.151,F,227,100 Dash
2015,S,11.13,0.163,F,227,100 Dash
2015,S,11.13,0.12,F,227,100 Dash
2015,S,11.21,0.125,F,227,100 Dash
2015,S,11.27,0.157,F,227,100 Dash
2015,S,10.87,0.138,F,228,100 Dash
2015,S,10.9,0.137,F,228,100 Dash
2015,S,10.96,0.181,F,228,100 Dash
2015,S,11.07,0.141,F,228,100 Dash
2015,S,11.07,0.151,F,228,100 Dash
2015,S,11.19,0.17,F,228,100 Dash
2015,S,11.32,0.13,F,228,100 Dash
2015,S,11.38,0.176,F,228,100 Dash
2015,S,10.83,0.13,F,229,100 Dash
2015,S,10.89,0.152,F,229,100 Dash
2015,S,10.97,0.168,F,229,100 Dash
2015,S,10.98,0.144,F,229,100 Dash
2015,S,11.13,0.155,F,229,100 Dash
2015,S,11.15,0.165,F,229,100 Dash
2015,S,11.19,0.158,F,229,100 Dash
2015,S,11.21,0.177,F,229,100 Dash
2015,F,10.76,0.161,F,230,100 Dash
2015,F,10.81,0.129,F,230,100 Dash
2015,F,10.86,0.153,F,230,100 Dash
2015,F,10.91,0.137,F,230,100 Dash
2015,F,10.98,0.145,F,230,100 Dash
2015,F,11.01,0.127,F,230,100 Dash
2015,F,11.02,0.2,F,230,100 Dash
2015,F,11.02,0.185,F,230,100 Dash
2013,S,11.08,0.181,F,231,100 Dash
2013,S,11.08,0.171,F,231,100 Dash
2013,S,11.16,0.144,F,231,100 Dash
2013,S,11.28,0.237,F,231,100 Dash
2013,S,11.33,0.164,F,231,100 Dash
2013,S,11.34,0.202,F,231,100 Dash
2013,S,11.35,0.138,F,231,100 Dash
2013,S,11.43,0.137,F,231,100 Dash
2013,S,10.95,0.175,F,232,100 Dash
2013,S,10.95,0.179,F,232,100 Dash
2013,S,11,0.128,F,232,100 Dash
2013,S,11.25,0.149,F,232,100 Dash
2013,S,11.36,0.165,F,232,100 Dash
2013,S,11.4,0.161,F,232,100 Dash
2013,S,11.41,0.264,F,232,100 Dash
2013,S,11.41,0.173,F,232,100 Dash
2013,S,10.87,0.193,F,233,100 Dash
2013,S,10.97,0.187,F,233,100 Dash
2013,S,11.01,0.137,F,233,100 Dash
2013,S,11.1,0.146,F,233,100 Dash
2013,S,11.31,0.144,F,233,100 Dash
2013,S,11.35,0.23,F,233,100 Dash
2013,S,11.44,0.168,F,233,100 Dash
2013,S,11.54,0.164,F,233,100 Dash
2013,F,10.71,0.174,F,234,100 Dash
2013,F,10.93,0.165,F,234,100 Dash
2013,F,10.94,0.156,F,234,100 Dash
2013,F,10.97,0.151,F,234,100 Dash
2013,F,10.97,0.229,F,234,100 Dash
2013,F,11.04,0.154,F,234,100 Dash
2013,F,11.1,0.159,F,234,100 Dash
2013,F,11.16,0.179,F,234,100 Dash
2011,S,11.26,0.27,F,235,100 Dash
2011,S,11.38,0.188,F,235,100 Dash
2011,S,11.47,0.159,F,235,100 Dash
2011,S,11.48,0.158,F,235,100 Dash
2011,S,11.48,0.168,F,235,100 Dash
2011,S,11.48,0.186,F,235,100 Dash
2011,S,11.54,0.156,F,235,100 Dash
2011,S,11.58,0.164,F,235,100 Dash
2011,S,11.03,0.174,F,236,100 Dash
2011,S,11.06,0.2,F,236,100 Dash
2011,S,11.22,0.16,F,236,100 Dash
2011,S,11.43,0.17,F,236,100 Dash
2011,S,11.48,0.157,F,236,100 Dash
2011,S,11.59,0.268,F,236,100 Dash
2011,S,11.61,0.214,F,236,100 Dash
2011,S,DQ,0.188,F,236,100 Dash
2011,S,11.02,0.191,F,237,100 Dash
2011,S,11.05,0.15,F,237,100 Dash
2011,S,11.23,0.139,F,237,100 Dash
2011,S,11.44,0.139,F,237,100 Dash
2011,S,11.53,0.173,F,237,100 Dash
2011,S,11.54,0.19,F,237,100 Dash
2011,S,11.55,0.165,F,237,100 Dash
2011,S,11.59,0.159,F,237,100 Dash
2011,F,10.9,0.167,F,238,100 Dash
2011,F,10.97,0.234,F,238,100 Dash
2011,F,10.98,0.151,F,238,100 Dash
2011,F,10.99,0.194,F,238,100 Dash
2011,F,11.12,0.147,F,238,100 Dash
2011,F,11.15,0.212,F,238,100 Dash
2011,F,11.27,0.156,F,238,100 Dash
2011,F,11.33,0.164,F,238,100 Dash
2009,S,10.79,0.156,F,239,100 Dash
2009,S,10.84,0.155,F,239,100 Dash
2009,S,11.01,0.148,F,239,100 Dash
2009,S,11.03,0.146,F,239,100 Dash
2009,S,11.07,0.141,F,239,100 Dash
2009,S,11.24,0.149,F,239,100 Dash
2009,S,11.34,0.146,F,239,100 Dash
2009,S,11.58,0.169,F,239,100 Dash
2009,S,10.83,0.144,F,240,100 Dash
2009,S,11,0.148,F,240,100 Dash
2009,S,11.01,0.127,F,240,100 Dash
2009,S,11.16,0.199,F,240,100 Dash
2009,S,11.18,0.179,F,240,100 Dash
2009,S,11.43,0.125,F,240,100 Dash
2009,S,11.45,0.131,F,240,100 Dash
2009,S,11.49,0.164,F,240,100 Dash
2009,F,10.73,0.146,F,241,100 Dash
2009,F,10.75,0.17,F,241,100 Dash
2009,F,10.9,0.16,F,241,100 Dash
2009,F,10.95,0.135,F,241,100 Dash
2009,F,11.01,0.158,F,241,100 Dash
2009,F,11.05,0.13,F,241,100 Dash
2009,F,11.05,0.137,F,241,100 Dash
2009,F,11.16,0.173,F,241,100 Dash
2007,S,11.02,0.137,F,242,100 Dash
2007,S,11.09,0.151,F,242,100 Dash
2007,S,11.12,0.184,F,242,100 Dash
2007,S,11.18,0.161,F,242,100 Dash
2007,S,11.18,0.147,F,242,100 Dash
2007,S,11.22,0.145,F,242,100 Dash
2007,S,11.32,0.178,F,242,100 Dash
2007,S,11.32,0.14,F,242,100 Dash
2007,S,10.99,0.144,F,243,100 Dash
2007,S,11.04,0.186,F,243,100 Dash
2007,S,11.06,0.14,F,243,100 Dash
2007,S,11.08,0.181,F,243,100 Dash
2007,S,11.16,0.207,F,243,100 Dash
2007,S,11.16,0.155,F,243,100 Dash
2007,S,11.21,0.156,F,243,100 Dash
2007,S,11.25,0.15,F,243,100 Dash
2007,F,11.01,0.167,F,244,100 Dash
2007,F,11.01,0.145,F,244,100 Dash
2007,F,11.02,0.189,F,244,100 Dash
2007,F,11.05,0.141,F,244,100 Dash
2007,F,11.05,0.143,F,244,100 Dash
2007,F,11.08,0.164,F,244,100 Dash
2007,F,11.12,0.177,F,244,100 Dash
2007,F,11.26,0.175,F,244,100 Dash
2005,S,10.96,0.166,F,245,100 Dash
2005,S,11,0.15,F,245,100 Dash
2005,S,11.08,0.145,F,245,100 Dash
2005,S,11.1,0.158,F,245,100 Dash
2005,S,11.23,0.223,F,245,100 Dash
2005,S,11.27,0.144,F,245,100 Dash
2005,S,11.3,0.136,F,245,100 Dash
2005,S,11.6,0.148,F,245,100 Dash
2005,S,11.03,0.141,F,246,100 Dash
2005,S,11.09,0.142,F,246,100 Dash
2005,S,11.1,0.161,F,246,100 Dash
2005,S,11.15,0.127,F,246,100 Dash
2005,S,11.2,0.142,F,246,100 Dash
2005,S,11.27,0.141,F,246,100 Dash
2005,S,11.31,0.146,F,246,100 Dash
2005,S,DQ,0.128,F,246,100 Dash
2005,F,10.93,0.146,F,247,100 Dash
2005,F,10.95,0.139,F,247,100 Dash
2005,F,10.98,0.165,F,247,100 Dash
2005,F,11.09,0.113,F,247,100 Dash
2005,F,11.09,0.12,F,247,100 Dash
2005,F,11.09,0.132,F,247,100 Dash
2005,F,11.09,0.153,F,247,100 Dash
2005,F,11.13,0.144,F,247,100 Dash
2003,S,11.01,0.17,F,248,100 Dash
2003,S,11.15,0.203,F,248,100 Dash
2003,S,11.15,0.135,F,248,100 Dash
2003,S,11.26,0.179,F,248,100 Dash
2003,S,11.32,0.134,F,248,100 Dash
2003,S,DQ,0.152,F,248,100 Dash
2003,S,DQ,0.134,F,248,100 Dash
2003,S,DNS,0,F,248,100 Dash
2003,S,0.129,,F,249,100 Dash
2003,S,11.08,0.12,F,249,100 Dash
2003,S,11.11,0.131,F,249,100 Dash
2003,S,11.12,0.137,F,249,100 Dash
2003,S,11.27,0.161,F,249,100 Dash
2003,S,11.35,0.153,F,249,100 Dash
2003,S,11.36,0.163,F,249,100 Dash
2003,S,11.4,0.159,F,249,100 Dash
2003,F,10.93,0.133,F,250,100 Dash
2003,F,11.02,0.136,F,250,100 Dash
2003,F,11.03,0.219,F,250,100 Dash
2003,F,11.06,0.182,F,250,100 Dash
2003,F,11.07,0.205,F,250,100 Dash
2003,F,11.11,0.15,F,250,100 Dash
2003,F,DQ,0.184,F,250,100 Dash
2003,F,DQ,0.16,F,250,100 Dash
2001,S,10.94,0.122,F,251,100 Dash
2001,S,11.1,0.166,F,251,100 Dash
2001,S,11.12,0.133,F,251,100 Dash
2001,S,11.2,0.172,F,251,100 Dash
2001,S,11.26,0.125,F,251,100 Dash
2001,S,11.48,0.119,F,251,100 Dash
2001,S,11.5,0.153,F,251,100 Dash
2001,S,DQ,0.145,F,251,100 Dash
2001,S,11.05,0.143,F,252,100 Dash
2001,S,11.17,0.16,F,252,100 Dash
2001,S,11.27,0.139,F,252,100 Dash
2001,S,11.29,0.172,F,252,100 Dash
2001,S,11.31,0.161,F,252,100 Dash
2001,S,11.35,0.142,F,252,100 Dash
2001,S,11.46,0.131,F,252,100 Dash
2001,S,DQ,0.147,F,252,100 Dash
2001,F,10.82,0.123,F,253,100 Dash
2001,F,10.91,0.145,F,253,100 Dash
2001,F,11.02,0.154,F,253,100 Dash
2001,F,11.06,0.141,F,253,100 Dash
2001,F,11.13,0.189,F,253,100 Dash
2001,F,11.17,0.142,F,253,100 Dash
2001,F,DQ,0.146,F,253,100 Dash
2001,F,DQ,0.151,F,253,100 Dash
1999,S,10.81,0.133,F,254,100 Dash
1999,S,10.83,0.123,F,254,100 Dash
1999,S,11.02,0.117,F,254,100 Dash
1999,S,11.11,0.13,F,254,100 Dash
1999,S,11.13,0.149,F,254,100 Dash
1999,S,11.26,0.147,F,254,100 Dash
1999,S,11.28,0.149,F,254,100 Dash
1999,S,11.33,0.122,F,254,100 Dash
1999,S,10.83,0.147,F,255,100 Dash
1999,S,10.94,0.119,F,255,100 Dash
1999,S,10.98,0.127,F,255,100 Dash
1999,S,11.04,0.176,F,255,100 Dash
1999,S,11.12,0.139,F,255,100 Dash
1999,S,11.15,0.172,F,255,100 Dash
1999,S,11.27,0.132,F,255,100 Dash
1999,S,11.29,0.145,F,255,100 Dash
1999,F,10.7,0.12,F,256,100 Dash
1999,F,10.79,0.129,F,256,100 Dash
1999,F,10.84,0.116,F,256,100 Dash
1999,F,10.95,0.135,F,256,100 Dash
1999,F,10.95,0.125,F,256,100 Dash
1999,F,10.97,0.162,F,256,100 Dash
1999,F,11.06,0.134,F,256,100 Dash
1999,F,11.16,0.152,F,256,100 Dash
2023,S,12.33,0.142,F,257,100 Hurdles
2023,S,12.49,0.177,F,257,100 Hurdles
2023,S,12.5,0.141,F,257,100 Hurdles
2023,S,12.55,0.162,F,257,100 Hurdles
2023,S,12.62,0.139,F,257,100 Hurdles
2023,S,12.97,0.167,F,257,100 Hurdles
2023,S,13.05,0.135,F,257,100 Hurdles
2023,S,13.15,0.155,F,257,100 Hurdles
2023,S,12.56,0.155,F,258,100 Hurdles
2023,S,12.6,0.13,F,258,100 Hurdles
2023,S,12.62,0.131,F,258,100 Hurdles
2023,S,12.73,0.142,F,258,100 Hurdles
2023,S,12.95,0.17,F,258,100 Hurdles
2023,S,12.97,0.175,F,258,100 Hurdles
2023,S,13.05,0.137,F,258,100 Hurdles
2023,S,DNF,0.152,F,258,100 Hurdles
2023,S,12.41,0.138,F,259,100 Hurdles
2023,S,12.49,0.156,F,259,100 Hurdles
2023,S,12.5,0.133,F,259,100 Hurdles
2023,S,12.71,0.136,F,259,100 Hurdles
2023,S,12.8,0.146,F,259,100 Hurdles
2023,S,12.89,0.158,F,259,100 Hurdles
2023,S,12.94,0.163,F,259,100 Hurdles
2023,S,13.05,0.158,F,259,100 Hurdles
2023,F,12.43,0.132,F,260,100 Hurdles
2023,F,12.44,0.164,F,260,100 Hurdles
2023,F,12.46,0.155,F,260,100 Hurdles
2023,F,12.52,0.149,F,260,100 Hurdles
2023,F,12.61,0.135,F,260,100 Hurdles
2023,F,12.62,0.152,F,260,100 Hurdles
2023,F,12.7,0.14,F,260,100 Hurdles
2023,F,12.78,0.159,F,260,100 Hurdles
